SeqNo,text,hashtags,comments,likes
0,0,Asking for a friend ğŸ˜¬ğŸ˜¬ğŸ˜¬ #influencer #belledelphine #kimkardashian #gamergirl #gamergirlbathwater #gamergirls #kardashian #kimk #influencers #blondeandboujee #realquestions #questionsforboys #questionsformen,questionsformen,"|Belle Delpnine with her natural hair color not the pink she gots going on|Belle forsure|belle the fuk??|Whichever one won't lie to me.|Neither. Christian Ricci all the way!|None|Kim K doesn't even look good her implants on her ass don't even look real. Also Belle Delphine is a thot and very disgusting, also she is 19. I would just go for a regular girl with a good personality, naturally beautiful and sweet.|Belle no question|I like this âœŒğŸ»",25
1,1,Take some time to check us out this evening! 8PM. FB LIVE @ Beakon Radio #podcast #questionsformen #ladyadvice #talkshow  #men #blackmen,questionsformen,|ğŸ”....,36
2,2,"Well? Do they? 
#cuddleme #cuddles #lovequestions #questionsformen #relationshipadvice",questionsformen,|One of the best photosğŸ‘,12
3,3,"Model: @maisakehl

She gives you this look... what are you doing? ğŸ‘€ ğŸ’­Comment belowğŸ’­

Add our Snapchat: ğŸ‘»erotiic.tv

Photo cred: @jimmygfoto
.
.
.
.
.
.
.
#whatyoudoin #pullinghair #cuddlingallday #cuddlewithbae #questionsformen #formentoo #modelingshot #modelhot #femalemodeling #femalemodelling #femalefitnessmodels #femalesexuality #femalesarestrongashell #blackbodysuit #lacebodysuit #lacebralette #lacedetails #blondbombshell #blondeandfit #blondehairgreeneyes",questionsformen,|Baby you looking for a playmate|Tops|very good|ğŸ˜ğŸ˜ğŸ˜ğŸ˜z|Te ven bien ğŸ˜ğŸ˜ğŸ˜ğŸ˜ğŸ˜|Tweet tweel,151
4,4,"â€œI promise to make my personal growth my first priorityâ€. â€” That was our very first, and most important, wedding vow we said to each other.

Hereâ€™s why this matters:

You canâ€™t be in a good relationship if youâ€™re a jerk. ğŸ˜‚

Seriously though, if youâ€™re immature, wounded, mean, unwilling to changeâ€”every relationship you have will suck.

REAL relationships require you to be your best. (Read that twice). They require you to learn, grow, and yesâ€”change. And those things are uncomfortable sometimes.

Heck theyâ€™re even scary.

BUTâ€”its what is needed for a relationship that grows together.

And hereâ€™s the kicker:
You are only responsible for YOUR growth.

In other words, you canâ€™t make your partner grow and they canâ€™t make you grow. Itâ€™s SELF initiated and SELF responsibility.

And thatâ€™s also hard. One of the questions we get so often is: â€œHow do I make my partner...?â€ Hereâ€™s the answer:
YOU DONâ€™T.
If youâ€™re wanting your partner to change, thatâ€™s a big flag that YOU have got some shifting to do also. The best way to â€œget themâ€ to change is to be the example. Lead by your own growth and strive for learning.

Whew. What do YOU think? Have you been in these types of situations before? Tell us about it below:",questionsformen,"|â €â €â €â €â €â €â €â €â €
â €â €â €â €â €â €â €â €â €
â €â €â €â €â €â €â €â €â €
#truelove #cutecouplequote #elationshipquotes #relationshipproject #realrelatable #marriagequote #boyfriendquotes #cuterelationshipquotes #relationshiptips #surreyevents #relationshipproblems #theheartcloverdale #yvrevents #vancouverwedding #yvrevent #vancouverevents #couplesvancouver #realmarriageadvice #consciousconversations #imperfectishuman #eventsvancouver #instagramisnotreallife #thanksalgorithm #goodmenproject #huffpostrelationships #relationshipgoals #relationshipblogger #questionsformen #trustissues #communicationiskey|I could not love this post more ğŸ’•",55
5,5,"Hey guys, Jake here and Iâ€™ve heard that women have some questions for men that theyâ€™d like to ask. ğŸ¤¨ so... I wrote a blog post answering the most common questions they have for men.

Keep in mind: Iâ€™m not speaking on behalf of all male or male identifying folks. Iâ€™m speaking from my gut and spilling the beans from my perspective in hopes that this post will spark some courage for you to ask the men in your life these questions too.

Itâ€™s my hope that this sparks the conversations that you should be having in your relationship. Feel free to start the ball rolling. â€œFrequently Asked Questions for Men. (All the stuff youâ€™d want to know!) 1) Seriously, what ARE you thinking about when I ask you? Is it really nothing?

Honestly, nothing. Iâ€™m either zoned out or my mind is blank. Sometimes it could be random thoughts depending on where I am, what time of the day it is or if Iâ€™m hungry but most of the time itâ€™s actually nothing.

2) What do you actually talk about with your friends?â€ Peep the full article up at the link in our bio! ğŸ‘†ğŸ¾ğŸ‘†ğŸ¼ Do you have a burning question I didnâ€™t get to? Leave it below! ğŸ‘‡ğŸ¼ğŸ‘‡ğŸ¾ Iâ€™m all yours!",questionsformen,"|â €â €â €â €â €â €â €â €â €
â €â €â €â €â €â €â €â €â €
â €â €â €â €â €â €â €â €â €
#vancouverweddings #couplesvancouver #relationshipprojecteventvancouver #vancouvercollaboration #vancouverblogs #realrelationshipgoals #marriagetakeswork #dailyhivevan #vancouvercouples #realrelationship #realmarriagegoals #realrelationships #engagedvancouver #vancouverwedding #marriagevancouver #questionsformen #relationshipproject #communicationiskey #relationshipadvice #consciousconversations #realcouplegoals #vulnerability #consciousrelationships #authenticrelationship #behindthescenes #relationshipblogger #marriagetips #realmarriage #realmen #instagramisnotreallife",36
6,6,"We understand how difficult dating can be, especially when it comes to penetrating through a mans brain to understand him a little better at the early stages of establishing a relationship so we've put together 25 Questions to ask a Man which we hope will ease the process. SWIPE ã€Š------- _

Check out our blog page on themmeagency.com for complete questions. ğŸ¤—ğŸ’ #themmeagency

_

#matchmaker #dating #questions #questionsformen #love #relationships #courting #conversations #communication #interest #understanding #men #singlemen #firststage #couples #relationshipgoals #blog #blogger #blogpost",questionsformen,|This is amazing! ğŸŒˆâ¤ï¸ğŸŒˆâ¤ï¸|ğŸ‘ğŸ‘ğŸ‘ğŸ‘|Chilllllldddddd thank you for these questions. I really donâ€™t know why people feel that you canâ€™t be asking relevant and important questions on the first date. Ainâ€™t nobody got time to waste....itâ€™s better to know what you are getting yourself into. ğŸ‘ğŸ¾ğŸ‘ğŸ¾ğŸ‘ğŸ¾ğŸ‘ğŸ¾ I love it!,43
7,7,"When a girl takes charge she is â€œbossyâ€! But when a boy take charge he has â€œleadership abilityâ€! Join the conversation every Monday at 7pm on Facebook 
#doublestandards #double #standards #whoiswho #expectation #limitations #letstalkaboutit #letsgetcandid #letstalk #doublehashtag #youcandoit #believeit #follow #tunein #watch #facebook #trendingtopic #mondaynight #jointheconversation#QuestionsForMen#Beijing20. â€”- #NotAllMen #YesAllWomen",questionsformen,|I'll be watchingğŸ‘Œ,13
8,8,Actually iâ€˜m interested in your thoughts #questionsformen #feminism #feminist #men #slutshaming #victimblaming #friends,questionsformen,"|rfr, cfc? â™¡|I mean everyone's body is a temple that deserves to be cared for",9
9,9,"This was my experiment cuz Yâ€™all stay talkin bout how it is for a man to eat a banana! But fail to realize Itâ€™s wayyy more difficult for a woman! I canâ€™t even eat my breakfast fr!
ğŸŒğŸŒğŸŒğŸŒğŸŒğŸŒ
#peacepleass #ilikehisbanana #dontlookatme #questionsformen #iaintfunnybutdontpushme #comedy #ccbeingcc",questionsformen,|Lol wth cc|ğŸ˜­ğŸ˜­ğŸ˜‚ğŸ˜‚ğŸ˜‚|GET OFFFFFFF THEEE INTERNEETTTTTTğŸ˜­ğŸ˜­ğŸ˜­ğŸ˜­ğŸ˜­ğŸ˜­ğŸ˜­ğŸ˜­|Most Definitely not ğŸ˜‚ğŸ˜‚ ğŸ˜­ğŸ˜­. I break my sHit in pieces,39
10,10,Come on men... it's your time!!ğŸ˜‰ğŸ˜‰ #manswers #timeforthemen #mantime #mansopinions #mansanswers #questionsformen #question #man #men #males,questionsformen,|Snakes|Nuns|The incessant marching of time as we move inexorably to our deaths. ğŸ˜ª|Simply amazeğŸ’“ğŸ˜ğŸ˜ Do you want to be featured next on our page? Message me for info!,8
11,11,"DISCLAIMER: This is SIMPLY an analogy to show men will aggressively choose to be hurt physically than be emotionally vulnerable to feel love. 
#question for our men. #men #wewanttoknow #isnatiantispeaks #isnatiantithoughts #itsquotesandnotes #relationships #itslove #itsmynameandbrand #pleaseanswer #itsaconcern #arewethatscarred #questionsformen",questionsformen,"|@ahlumba I had to repost with correct pic. I saw your like and comment.|For 1, we can multitask. 2 if a man is watching you struggle you weren't meant for each other. It's really that simple|Wow, that's deep. Great question that deserves an answer.|#Sayword My warrior spirit wont allow it.|Powerful!!!|Wow! I really like this post!|This is sooooooo effin deep Isna..... that's a really valid question tho...!!!!!!!|Know how much $33,600,000 thatâ€™s 33 million 600 thousand a year.",19
12,12,,questionsformen,|#questionsformen #questionforeverything #tryitout #igotyourback,2
13,13,,questionsformen,|#questionsformen #questionforeverything #tryitout #igotyourback|Our Wifw,6
14,14,,questionsformen,|#questionsformen #questionforeverything #tryitout #igotyourback,14
15,15,"What would you do, If at first you dont succeed? 
Dont know? Find out.",questionsformen,|#questionsformen #questionforeverything #tryitout #igotyourback,4
16,16,"They ask me why I'm radical, ""hardcore"", feel so strongly about feminism. 
THIS is why.

I wasn't always radical. 
I've been a feminist, long before I knew the word. But I wasn't always radical. 
I tolerated sexist jokes (just a joke, no biggie), unsavoury sexist comments; sexism at work and in college; watched stuff with obvious sexism in it; sexist mentality was excused as ""s/he's old""; I excused mild sexual harassment as ""that's just him"" etc. 
Today I have a zero tolerance policy. 
Today I realise radical feminist is the only way to be and the only way feminist I want to be. 
Today I am a feminist who strives hard to be anti-sexist. 
Today I work hard to fight sexism, both, the one inculcated in me and the one ingrained in my culture around me. 
May be #notallmen but  #YesAllWomen have been affected by #sexism #misogyny #sexistculture #incest #brother #sister #sexualobjectification #Hokkolorob 
#RapeCultureIsWhen #rapeculture
#AllMenCan Â #YouOKSis
#EffYourBeautyStandards
#everydaysexism #HeForShe #QuestionsForMen
 #tothegirlsÂ 
#changetheratio #notbuyingit #girlsrising #wearesilent #banbossy #womenshould #ask4more #nahimeansno #niunamenos #indianculture",questionsformen,"|I don't even know how to react to this... I mean... You were trying to have a decent conversation and this guy just... that's the reason they say some men just think from their penis... And things like these prove it right...!|Caption is amazing-keep it up!|Hi Alissa: congratulations!!! You are doing very well, I totally agree with you ğŸ˜˜ğŸ˜˜",40
17,17,#QuestionsForMen: do you have to overcome LITERAL signs at work just to do your job? #everydaysexism,questionsformen,|If it helps I read this as â€œmen are fucking stupid so be careful around them while they workâ€ ğŸ˜‚|UGHHHH|ğŸ¤® lame.|Omg ğŸ˜®|Danger Women.|Ugh.|ğŸ–¤â™¥ï¸ğŸ–¤|ğŸ§ğŸ˜©ğŸ˜„ğŸ˜„ğŸ˜„ğŸ§¡ğŸ§¡ğŸ§¡|A â€œfriendâ€ recently used the hashtag #manspaceisgaragespace. Cuz women donâ€™t like garage space too. ESP for not for cars or tools and related things. ğŸ™„ @buildinghugger|I know I flinch everytime i am on a job site and see these signs.|Weâ€™ve been known to edit these signs...|ğŸ™ŒğŸ™Œ,127
18,18,Just some casual sexism on local community Facebook groups on a Monday night ğŸ™„ğŸ™„ğŸ™„ğŸ™„#everydaysexism #questionsformen #yesallwomen,questionsformen,|Thats messed up!! Hope youre feeling better. No more hospital visits!|I love you called him a flog ğŸ˜‚|It worries me that there are males that are driving.|ğŸ™ŒğŸ¼ğŸ™ŒğŸ¼,23
19,19,"#questionsformen ğŸ’•ğŸ’ğŸ’•
.
.
.
#womensrightsarehumanrights  #cuties #lesbian #bi #bisexual #bipride #trans #transgender #transpride #queer #gay #gayteen #gayğŸ‘¬ #gayğŸŒˆ #loveislove  #loveisloveislove #loveisloveğŸŒˆ #loveisloveâ¤ #lovetrumpshate #protecttranskids #pan #pansexual #greyasexual #asexual #makeamericagayagain",questionsformen,|men dont get called a meninazi for expressing a strong opinion just a regular nazi by someone who just wants to make you into a straw man|men arent asked about fashion because most men dont care much about fashion and therefore no men shop for clothing based off of who wears what outfits|video gaming is an industry driven by primarily male customers so only the exception to a rule is pointed out as it happens same reason a female who is a nurse is just a nurse but a male who is a nurse would be called a male nurse|yes if a guy wears shorts that are too short you will be socially vilified in certain social contexts|actually yes because if a man is raped by a woman in america and she gets pregnant the male still has to pay child support so if anything problems with rape in the legal system isnt the result of sexism its just social taboos|no because if you have a reason to suspect danger you have 911 at the ready not just a friend,215
20,20,"Ladies I need your help! Please comment down below or dm me questions that you would LOVE for men to answer! Tag a friend that would have a few questions too! â€¢
â€¢
â€¢
â€¢
#shanicares #mommyblogger #soulshine #livecolorfully #potd #likeforlike #followforfollow #instagood #qotd #waystolove #instalove  #follow4follow #like4like #love  #mondaymotivation #mondaymood #questionsformen #questionoftheday #questionstoask",questionsformen,"|Why do y'all find it so hard to communicate when you're going through it? How can we help you when you feel your mental health is under attack? How do you practice self love, if at all?|What are non physical things you notice first about a woman?|ğŸ‘€|""Why you bother me when you know you don't want me"" ğŸ˜‚|Keep them coming!!! I love all the questions so far|When you have all the chances in the world, why do choose not to tell the truth?|I would like to know how men feel about cheating and women cheating on men as well ...|Why do you try to talk to other women when you have a woman at home? Boy bye.",61
21,21,"Dudes + Men â€” When you hear about women being killed by men, do you talk about it with other men? Do you think about doing something?

#questionsformen #comicsformen #femicide #sayhername #chynagibson #kannekajenkins #translivematter #blacklivesmatter #zinazines",questionsformen,|THANK YOU|this is great!!!|It's a real treat watching you draw.,62
22,22,,questionsformen,|#respect #women #mothers #sisters #lovers #people #respectwomen #lovewomen #friends #everydaysexism #heforshe #questionsformen #photooftheday #yesallwomen #iamjada #talkaboutit #speakout #nomore #youoksis #allmencan #rapeculture #follow #like#followforfollow #followme #like4like #follow4follow #likeforfollow #instagood #instadaily,23
23,23,"When will men get it. Its sad how all of you have mothers and most of you have sisters and still don't get this concept. 
STOP IT DAMMIT",questionsformen,|#respect #women #mothers #sisters #lovers #people #respectwomen #lovewomen #friends #everydaysexism #heforshe #questionsformen #photooftheday #yesallwomen #iamjada #talkaboutit #speakout #nomore #youoksis #allmencan #rapeculture #follow #like#followforfollow #followme #like4like #follow4follow #likeforfollow #instagood #instadaily|Yessss!!!ğŸ‘ğŸ‘ğŸ‘,70
24,24,"When will men get it. Its sad how all of you have mothers and most of you have sisters and still don't get this concept. 
STOP IT DAMMIT",questionsformen,|#respect #women #mothers #sisters #lovers #people #respectwomen #lovewomen #friends #everydaysexism #heforshe #questionsformen #photooftheday #yesallwomen #iamjada #talkaboutit #speakout #nomore #youoksis #allmencan #rapeculture #follow #like#followforfollow #followme #like4like #follow4follow #likeforfollow #instagood #instadaily,46
25,25,"Walking down the street, a van drives past and the man whistles and makes kissing noises. I ignore him. Pass van stationary at lights, he yells something 'complimentary'. Just because I'm wearing a short skirt, a revealing outfit, does not give anyone permission to pass comment on me. Yelling at a woman in the street is intimidating, and harassment. When I was younger I mistook this behaviour as complimentary, I thought it meant I was sexy, a woman. #everydaysexism #mybodynotyourbody #yesallwomen #questionsformen #rapecultireiswhen #bopo #bopowarrior",questionsformen,|I hear ya! #notyours|#soipostedit on #Instagram|Why do you wear revealing clothes  in the first place? Itâ€™s for attention so I donâ€™t get why you are so traumatised when a man does give you attention?,18
26,26,#questionsformen #intersectionalfeminisim #reproductiverights #fucksexism,questionsformen,|Go for it...if its causing a problem,7
27,27,If your looking for BOTH BEAUTY AND BODY???? #atlnightlife #questionsformen #stripclub #atlantanightlife #questionoftheday #igdaily,questionsformen,|Blue flame or where ever @thesweetlealea working ğŸ˜,6
28,28,#questionsformen,questionsformen,"|No|No but my friends would tease me because my pants would drag below by shoe getting mud on them. It sucked ;-;|Yes, actually...",8
29,29,"#questionsformen 
Have you ever been told you shouldn't eat a burger (or anything but a salad) on a first date?",questionsformen,"|#realisticfoodinstagram|No, no I haven't.",6
30,30,#makesyouthink,questionsformen,"|#Questionsformen|Yes I tell my friends I made home to my section 8 housing without being shot, and don't worry I text my hoes about it too|@silly_stoner_trix_are_for_kids you're hoes.....? Are they aware of you calling them that....?9|Yup! Love my buds|Ummmm yes. It's common courtesy, not a gender specific issue. #answersbymen|@thebirdmandan none of my guy friends do it :/|All the time I could be walking home for a while and need to tell my friends that I got home sadly and that there is nothing to worry about|@fresno_alien that is great that you look after your friends! Love it!|Sense when do people do|That",6
31,31,Chill tunes for the day #lydia #illuminate #facemeat #questionsformen #rubikon #delta #prawn #kingfisher #amalthea #inthewoods #thesafteyfire #grindtheocean,questionsformen,|I LOVE Lydia!! HahağŸ˜„ğŸ˜ @cdierks96|Theyre pretty great @aysia_easterly,5
32,32,"Hahaha - love this!! ğŸ˜‚ğŸ˜‚
#SoTrue #HowMenThink #HowWomenThink #Relationships #QuestionsForMen #Truth #Reality",questionsformen,|I really don't get it|I have never heard that anywhere|Nice! That must be repost.,11
33,33,#Feminism #Feminist #Genderfluid #Trans #FTM #MTF #TransBrothersandSisters #TransSisters #TransBrothers #Transexual #GenderQueer #genderspectrum #Transgender #AGender #FuckGenderStereotypes #FuckGenderNorms #LGBTA #LGBTAQ #LGBTQA #LGBTAQP #LGBTQAP #SAGA #FeminismForEveryone #FeminismForEveryBody #Equality #EqualityForAll #QuestionsForMen,questionsformen,"|1. Every day. I'm black (yeah I said it). Length/position/material/brand. Plus I have a big ass. So jeans aren't happening. Tactical pants and sweats. Never sagged my pants in my life by the way. 2. ""Men are like floor tiles, lay them down right and you can walk all over them."" Instead of being compared to an object that can be neglected, men's bodies just get neglected.  3. Yes I do. My friends are veterans|Yes my penis is large and I'm judged for it, yes I'm compared to objects, and yes everyday when I walk my ass around town I text my homies so they know I wasn't shot dead in the street|1-yes 2-yes 3-yes",27
34,34,#Feminism #Feminist #Genderfluid #Trans #FTM #MTF #TransBrothersandSisters #TransSisters #TransBrothers #Transexual #GenderQueer #genderspectrum #Transgender #AGender #FuckGenderStereotypes #FuckGenderNorms #LGBTA #LGBTAQ #LGBTQA #LGBTAQP #LGBTQAP #SAGA #FeminismForEveryone #FeminismForEveryBody #Equality #EqualityForAll #QuestionsForMen,questionsformen,"|1. Nope. But I get plenty of other names. 2. Yeah. I already know I can't run over people, jump through buildings or survive being blown up by alien weapons. You have to be tough and have epic amounts of stature to survive that shit. But I have a big imagination|@feminismowl .|1 no i get called names by pre puberty children whom you probably fuck with, 2 no I have no trouble connecting with any character because I'm bad ass and hyper sexual|1. A few times. 2. All the time. Most male humans will be frowned upon when wearing nothing but boots and a loin-cloth, and do not have biceps 2 feet wide.|This is a stupid question sure I have alerted been harassed by women on games and I have been harassed by men a swell but if anything this is so specific that is have to say no|If you asked me if I have been harassed by woman online is have to say use though",18
35,35,#Feminism #Feminist #Genderfluid #Trans #FTM #MTF #TransBrothersandSisters #TransSisters #TransBrothers #Transexual #GenderQueer #genderspectrum #Transgender #AGender #FuckGenderStereotypes #FuckGenderNorms #LGBTA #LGBTAQ #LGBTQA #LGBTAQP #LGBTQAP #SAGA #FeminismForEveryone #FeminismForEveryBody #Equality #EqualityForAll #QuestionsForMen,questionsformen,"|1. Yes. 2. No I don't expect it. But it happens. Like with dr Matt Taylor @feminismowl|@themikelizarraga|Yes, and yes they ask me where I get my joggers and my yung and reckless shirts|1. Yes; examples are, but are not limited to: Doctor Who, Game of Thrones, Futurama, Downton Abbey, and SpongeBob. 2. It has happened, but is typically asked when I'm wearing something ""snazzy"".",19
36,36,#Feminism #Feminist #Genderfluid #Trans #FTM #MTF #TransBrothersandSisters #TransSisters #TransBrothers #Transexual #GenderQueer #genderspectrum #Transgender #AGender #FuckGenderStereotypes #FuckGenderNorms #LGBTA #LGBTAQ #LGBTQA #LGBTAQP #LGBTQAP #SAGA #FeminismForEveryone #FeminismForEveryBody #Equality #EqualityForAll #QuestionsForMen,questionsformen,"|I often do lie and say I'm in a relationship to get away from fat freaks and gays, and yes my first job asked how my home situation was and if would interfere with my work|1. Often. 2. My co-workers are not typically involved in my personal life, but do ask from time to time.",17
37,37,#Feminism #Feminist #Genderfluid #Trans #FTM #MTF #TransBrothersandSisters #TransSisters #TransBrothers #Transexual #GenderQueer #genderspectrum #Transgender #AGender #FuckGenderStereotypes #FuckGenderNorms #LGBTA #LGBTAQ #LGBTQA #LGBTAQP #LGBTQAP #SAGA #FeminismForEveryone #FeminismForEveryBody #Equality #EqualityForAll #QuestionsForMen,questionsformen,"|1. No, because Feminazis are people that think Women are superior to Men|@themikelizarraga|No because I'm not an oppressive asshole, and no because my genitals have been discussed by the other gender in a very positive way because women seem to love my genitals|1. I have never been called a ""meninazi"", however my opinions do typically differ from those of other humans. 2. As long as they have asked the opinions of those whom the final decision will impact, and have studied biology and anatomy, then absolutely.",22
38,38,#Feminism #Feminist #Genderfluid #Trans #FTM #MTF #TransBrothersandSisters #TransSisters #TransBrothers #Transexual #GenderQueer #genderspectrum #Transgender #AGender #FuckGenderStereotypes #FuckGenderNorms #LGBTA #LGBTAQ #LGBTQA #LGBTAQP #LGBTQAP #SAGA #FeminismForEveryone #FeminismForEveryBody #Equality #EqualityForAll #QuestionsForMen,questionsformen,"|1. Yes. 2. Of course. That's like the go to insult for women. If not the general treatment overall|No because i bring up very important issues that plague my city and not middle class women, and no because everyone knows I'm getting tang.|1. Quite often. 2. People do assume that I am frustrated that I do not engage in sexual acts every week, however these questions are irritating, and those who ask them must be confronted with verbal assertiveness.",18
39,39,this one was just kind of silly. my theory is shes not the best with her social skills. questions for girls 5 #questionsforgirls #questionsformen #feminism #feminist #equality #antifeminism #radicalfeminism,questionsformen,|it depends on what kind of person you and your conversation partner are..,17
40,40,"i know the feminism part does not seem relevent but its true. i have been told the most vile things by feminists. so believing feminism will help end hostile people in arguments, youd be wrong. questions for girls number 4 #feminist #feminism #antifeminism #endmodernfeminism #questionsformen #questionsforgirls",questionsformen,|I've been told by feminists that I deserve to get beaten and raped by men because I'm not a feminist|Like okay totally not a hate moment,32
41,41,"i will be starting a series of questions for men answered by a me, a girl. the point of questions for men is to point out sexism that everyday women face and that men dont face themselves. reading through the questions, i find that this ""everyday sexism"" doesnt really apply to me and quite possibly many other females. so im here to offer my perspective. this picture is my answer to identifying with playable characters. what you may find is that a game can be just as enjoyable even if you are a purple dragon. as pointed out in the ""he could be a bunny rabbit for all i care"" study that explores identification in videogames. not being able to identify as my character does not take away from the gameplay. as i see it, its going along the journey with the protagonist.",questionsformen,"|#feminism #feminist #antifeminist #antimodernfeminism #questionsformen #questionsforgirls|even if you played e.g. tomb raider you aren't supposed to be Lara Croft, you just play her, god. Sorry for kinda spamming you, though|@buried.but.breathing yea. feminists argue that identifying with the protagonist is important but i really feel they must not play videogames if they say that because its never been important.spam all ya want friend.",22
42,42,"#QuestionsForMen was a hashtag started by Clementine Ford in an effort to draw attention to the language so often used with women; language that is reflective of gender norms and expectations. Similar to our post yesterday on language and gender, the hashtag generated great questions that are rarely directed at men like, ""Have you ever considered the benefits of signing your work with your initials instead of your name?"", ""Has your body ever been compared to an unlocked car, wallet, or other item that can be carelessly left unattended"", and ""Would you be comfortable with only women weighing in on a debate about your reproductive organs?"". Some food for thought. Check it out! 
#feminism #feminist #equality #gender #intersectional #gendernorms #socialconstruct #language #clementineford #twitter",questionsformen,"|U. Rock.|Yes, it happens often. I can be classified as a geek or nerd, and have had a total of maybe 3 girlfriends in my 18-year life. Often times my stark disagreement with someone will result in them pointing this out, saying I need to loosen up and get laid.",98
43,43,"Can we fight inequality in our own country and other countries at the same time? -Yes we can and should. Should we forget about inequality in our fairly privileged country compared to others until the rest of the world has caught up? -No! Men: would you settle for 70% of your rights and be content with that?? #questionsformen. Ppl who use the argument that ""others have it so much worse, you should be happy for what you have here"" are only antifeminists and misogynists trying to shut women up yet again. Again I ask, would you be happy with 70% of the rights and privileges you enjoy today? I dont think so, so take several seats, please. And women, lgbtq and other non-males, dont let them quiet you down with this fuckery of an argument. âœŒğŸ’— #womenshistorymonth #stpetersburg #moscow #amsterdam #poland #nairobi #capetown #johannesburg #cairo #teheran #vienna #rome #athens #madrid #munich #copenhagen #oslo #helsinki #berlin #paris #linkÃ¶ping #lund #jÃ¶nkÃ¶ping #vÃ¤sterÃ¥s #umeÃ¥ #malmÃ¶ #gÃ¶teborg #stockholm #sweden",questionsformen,"|I appreciate this post so much, thank you!|ğŸ™ŒğŸ™ŒğŸ™ŒğŸ™ŒğŸ™Œ|Ooooooooohhhhh this tea TOO strong ğŸ‘ŒğŸ’¯ğŸ‘ğŸ‘ğŸ˜‚ğŸµâ˜•|ğŸ˜…ğŸ™ŒğŸ™ŒğŸ™ŒğŸ™Œ|@jessicanager|@tcarrera_ â¤ï¸â¤ï¸â¤ï¸â¤ï¸|To be an outspoken antifeminis should be a f-g crime.|ğŸ™ŒğŸ™ŒğŸ™ŒğŸ™Œ|@charlotteiona|Your bio says no pasaran. What does that mean?|@klara_magdalena some feminists give the rest a bad name, I wish some people understood what true feminism was|@faithbbyroo_drawings some ppl give humans a bad name still we fight for human rights, so please dont come here with that shit, excuse my language but i have no patiance for that. No pasaran means basically ""they shall not pass"", its a slogan used by antifascist, antiracist movements.|@nodayliketoday_ I know I was just saying that some feminists are like I hate men men are stupid we are superior and I'm sitting here like feminism is supposed to be about equality. I know some people give humans a bad name, but everyone who can comprehend that is a human too. They have no choice to be.|@faithbbyroo_drawings some ppl are murderers. If you are a feminist yourself you should not direct your critic towards other feminists because you dont agree with them, to each their own and no one speaks for everybody. You should direct your critic where it needs to be directed to. Please. âœŒğŸ’˜|@nodayliketoday_ I was trying to explain to a person who says antifeminism isn't right that a lot of people were only antifeminist because they don't understand it and don't realize it's about equality and I was trying to say that that's too bad. I don't see why you're all mad at me ğŸ˜•|@faithbbyroo_drawings im not mad. Im tired â˜º a person with common sense will know what feminism is. And the others i really dont care about, they are misogynists. And it just makes me sad when feminists themselves join in on the unreasonable critic on feminists. Feminism is hurting no one, even the angry antimen feminists hurts no one and they are in extreme minority of all feminists in the world so for another feminist joining in in thinking that small minority is what represents us makes me so frustrated. In my opinion there is no excuse for being antifeminist. Ppl dont have to relate or call themselves feminist but to be outspoken antifeminist like we are antiracist is just simply stupid. And i hate to see other feminists defending it, thats all. Peace and love to you|@nodayliketoday_ you too â˜ºï¸|@nodayliketoday_ dope page|amen|preach!!",296
44,44,Every week we'll be featuring a new #femhappyhour game! Tag a friend who has been your greatest ally.ğŸ‘ªğŸ‘«ğŸ‘¬ğŸ‘¯#feminism #feminist #happyhour #equality #blacklivesmatter #yesallwomen #heforshe #askhermore #questionsformen #patriarchy,questionsformen,|@im_tahna|@lina.mchone|@hhayes_fan|@amckenzieh|@assylum_escapee|@n.poll|@maddyylongg girl ğŸ‘Œ|@mackenziekaiserr|@ellaschaffer|@cuddlecore â¤ï¸|@kianar99|@theforlornqueen|Awwwe thanks! @lgbt_liberal|@schroder_webley|@butt.mushrooms|awh thanks @7plycammy|Awww thanks @fallingtitans  i haven't been on this account for a while so I'm thanking u now i guess??? <3|#egalitarianism is better than feminism because it's equality for all humans as opposed to only minorities|Love,76
45,45,#notallmen #questionsformen #feminism #feminist #tinder #patriarchy,questionsformen,|Great! @find_my_drunk_friends_app|Because the female experience isn't as bad as the experience I've dealt with in the inner city with violence and crime of course you upper class white women wouldn't know anything about that|It's not a competition....,33
46,46,50/80 #QuestionsForMen #ClementineFord you'll find the article on tumblr!,questionsformen,"|No because I fuck lots of women and most guys can tell|No, I'm gonna leave it at that short answer",21
47,47,"A new hashtag #QuestionsForMen has sparked, highlighting the everyday sexism that those who are stereotypically read as women have to face and those who are stereotypically read as men generally donâ€™t even have to consider.",questionsformen,"|1) what advantage? I don't even sign with my initials, anyone can do that, not just men .|2) yes it has. I've also been referred to a useless sex toy|3) I do not have a wife . And I wouldn't consider this ""attacking sexism ""|4) yes , most jobs do that, to see how many hours you can spend at work , and to see how much to pay you|Anymore questions ?|1 I don't sign paperwork 2 yes 3 my girlfriend is fine with me selling weed 4 yes when I worked for best buy at 15|1. No, but food for thought. It is always good to appreciate things you may take for granted. 2. I have been compared to other things that can be carelessly unattended, and it does not feel great when they are not associating it with personal freedom. 3. I do not have a spouse, but my family is fine with my career choice. 4. My co-workers do not ask about my personal life a lot.",22
48,48,"A new hashtag #QuestionsForMen has sparked, highlighting the everyday sexism that those who are stereotypically read as women have to face and those who are stereotypically read as men generally donâ€™t even have to consider. In my picture you can see some examples!",questionsformen,"|#feminist #feminism #equality #equal #sexism|And of course there are meninists trolling on the tag.|jag Ã¤lskar ditt transinkluderande sprÃ¥k! blir rÃ¶rd varje jÃ¤vla gÃ¥ng trots att det borde vara det minsta en fÃ¶rvÃ¤ntar sig av alla!|@mcwolfie22|Thanks for sharing @princessbrandyalexander|@feminist.as.fuck I'm a cocktail server and I always hear ""Your partners lets you come to work dressed like that?"" #questionsformen|@thesleepyarsonist Bet very few men has ever gotten that question!|@nepply jag fÃ¶rstÃ¥r va du menar! Tack ğŸ’•|Why can't women sign their initials for work? I was unaware of this.|@weezy_season It's not that, it's that many women have used their initials instead of their full names when signing their creative works because their work won't be taken as seriously if it's known that it was created by a woman. A well-known modern example is J.K. Rowling, and historically speaking, many female authors have written under male pseudonyms in order to have their books published & accepted by the general public.|@weezy_season Mary Ann Evans, a Victorian author, is better known under her pseudonym, George Eliot, and Charlotte, Emily, and Anne BrontÃ« wrote under the male pen names Currer, Ellis, and Acton Bell, respectively.|Oooohhhh got it! Thanks for taking the time to clarify that for me.|@hardkore_lena|@weezy_season No problem! :)|@churr097|@missymoo789|Initials?",677
49,49,"#repost from @mollimols #QuestionsForMen"" via @PhotoRepost_app",questionsformen,|Love this!!!|ğŸ‘ğŸ˜|None of these questions only apply to women,45
50,50,"QOTD: what does everyone think about the whole ""mine"" thing in relationships? Like, ""be mine"", ""you're mine"", etc (I don't know how to explain it better than that). I haven't really thought much on it so I'd love some other opinions on it ğŸ’•ğŸ’•ğŸ’•ğŸ’•ğŸ’•ğŸ’•ğŸ’•ğŸ’•ğŸ’•ğŸ’• {#feminism #feminist #questionsformen #misogynistic #thepatriarchy #patriarchy #justice #yesallwomen #rapeculture #equalrights #independence #wagegap #payinequality}",questionsformen,"|nononono you are your own individual beautiful person and you do not belong to ANYONE. anyone w you is lucky enough to be part of your life and spend time w you but you do not belong to them, nor do they belong to you â¤ï¸â¤ï¸â¤ï¸|@hannahboo12|@pnutbrittle_ Yeah, same. I think if the people in the relationship realize that their partner isn't someone (thing) to ""own"", it's fine. As long as no one is thinking the other belongs to them ğŸ’œâœŒï¸thanks for your input ğŸ˜Œ|definitely ! any pet name / nickname should be discussed beforehand :)|@fucking_feminist oh okay. Yeah, I think in some circumstances it can mean bad bad things. As long as the people in the relationship are okay with it and don't see the other as something that is ""theirs"", per say, it's fine. It should definitely be talked about between them. I wish you the best of luck with your relationship|@pnutbrittle_ Exactly!! That's how I see it â˜ºï¸|I like it, but my bf and I have discussed pet names and stuff. We're also just really possessive people. Like, both of us. Since we're both jealous and clingy and possessive af, it's okay with me. But in other circumstances, yeah. It's bad if you haven't talked about it or discussed. (Like most things in relationships-|@_hey.friend_ yeah exactly!! Sometimes, w/out communication and other things, it can be a red flag. But as long as pet/nicknames have been discussed and the whole possessiveness/jealousy is a mutual thing, I think it's fine! :)|Mhm! Physical boundaries are also VERY important|@_hey.friend_ Yeah, communication overall is just SOOO important in relationships (any type; not just romantic and/or sexual)|Very, very much so.|Ugh nooo how can men do this! Bastards!!|@_isabelk_ Yeah, I agree. I think all pet names should be discussed :)|@romacherednichenko how can men do what???|As an independent young man I've been called it a lot|I have never been referred to as an ""independent young man"" before, however I am told that I'm ""very independent when working"".|@ms.equity all the time, how is that not a compliment?",179
51,51,I bet the answers no #QuestionsForMen,questionsformen,"|If it is an interesting conversation sure. But then again I doubt feminists have anything interesting or new to say.|@romacherednichenko spoken like a true man ! That's how your penis gets bigger put women down .|So true, spot on.|For the organ debate if they had extensive scientific and psychological knowledge of that area of study, and for law if they were elected by the majority, then it truly is irrelevant what gender they are, so my answer is yes.",21
52,52,#questionsformen,questionsformen,"|I've experienced most of this bullshit on top of that i dodged bullets and slang drugs because my family is in poverty with real problems unlike you upper class feminist fucks who act so tortured|@silly_stoner_trix_are_for_kids  not acting tortured  and I don't know what makes you think I am upper class LOL, I am far from it and I also grew up in poverty ...it is just a perspective on what I have also experienced....we all have our own experiences  and challenges in life",20
53,53,I read 20+ #questionsformen and I related with them all but this one couldn't be anymore accurate.,questionsformen,"|No I walk with a nine millimeter in my waistband looking over my shoulder waiting for a gunflash and burning flesh of course you have it much worse cause you're a woman oh wait you actually don't whoops|I do! Great form of self defense|It really is @brady_dunaway I'm sure everyone actually does this. But we all can't be a bad ass like @silly_stoner_trix_are_for_kids and carry 9's. I never said I had it worse because I'm a woman, but you don't really give a fuck. You're just some little boy here to talk shit.|@slimshani Forgive my short comment, my philosophies are typically longer and leave little room for error. I never said you had it worse because you are female, I never said I was a bad a*s, most people aren't. I do care about how people feel, and I do not mean to upset anyone with my experiences; I only wish to address that everyone has stories, and everyone's stories and life should be treated with equality. Feel free to delete my comment if you wish.|I'm not talking shit I'm just saying you have nothing to be scared of, you have it far better than most people and you outta keep that in mind, stop acting like a victim because trust me being a victim of fear is nothing, you haven't been robbed at gunpoint, I have, and guess what it isn't fun @slimshani and actually you can all carry guns, it's your constitutional right, they're also real easy to get, only cost like 200 for one on the street maybe less|I'm sorry as well @brady_dunaway it is not your fault, I read you're comment in the wrong tone I guess. But seriously, no one wants a key to the face lol|@slimshani Lol, all's good. Keys in the eye would huuuuurt!|Two main points I wish to make, here. The first is that while I don't specifically hold on to my keys, at night I often pull my hood over and walk hunched over so as to seem intimidating and avoid assault. The second is that your fears are not entirely grounded in reality, and I hope I can alleviate that fear by pointing this out. The truth is that while women are on average more likely to be a victim of sexual assault or abduction than men, men surpass women's likelihood to be a victim in homicide, robbery, aggravated assault and most other major crimes. The United Nations Office on Drugs and Crime revealed data which showed that 78.7% of homicide victims are male. I would gladly send you more data and study if you remain unconvinced of your relative safety to men.|1- I walk home with my keys in my fingers so I can open the door. 2- I don't look over my shoulder because I'm not paranoid|Good for you.|@c0bbylw quick question: when you hunch your shoulders and pull your hood up to appear intimidating and avoid assault, who do you imagine as your assaulter? A group of women, armed with guns and bats? Or a man, or men, ready to be aggressive with you for your wallet? You are fearing men in the same way that women are, yet you say that you avoid assault as if that makes you different than us. As for the fear not being grounded in reality, that's simply innacurate. Keep in mind that we are not talking about RELATIVE safety. We are calling attention to an issue of safety that one in three women deal with. Don't belittle someone's concern,  we need to recognize the issue and stop trying to derail the conversation.|@haleyaleina I don't find it helpful to imagine how my attackers appear because if I have a mental image, I probably won't consider other potential attackers. I am not implying that my avoiding assault makes me different, I don't think my previous comment suggests that at all. I assume the 1/3 number you quote is the myth that 1 in 3 women are raped on university campuses, a statistic that included drunk consensual sex and stalking in the final number. Not the most accurate study. I am not trying to belittle anyone's concern, I am trying to show how these perceived threats don't have to control and dominate someone's view of the world, and I can show that through data. Your derailing comment seems out of place, we've both done our best to remain civil, here.|@haleyaleina A final fundamental issue with your line of thinking is that it also promotes racist views off the data you listen to. While it is true that the majority of perpetrators of rape and other physical assaults are men, a disproportionate percentage of that group are of non-white ethnicities. If you were afraid of men because they are majority perpetrators, you should be afraid of Hispanic or black men even more, by your philosophy on crime and safety. Have you overlooked this, or have we found where your morality ends?|@c0bbylw 1 in 3 women experience violence, according to the world health organization. Also, I can't tell what you're arguing in terms of race, because your argument seems to be: so in addition to being afraid of all men, I should be afraid of some men. You should also keep in mind that our legal/prison system was originally engineered to hold mass amounts of minorities, and that reporting rates for ALL crimes are higher in favor of minorities. How dare you accuse me of promoting racism when in reality, you're trying to draw lines between THOSE men and THESE men in an attempt to distance yourself and your peers from the issue? The issue is rape. Women aren't raping themselves, as it happens.|@haleyaleina My argument is that you cite data to justify your fears, however you evidently consistently don't use it to determine how to act, instead you find data to back up your preexisting assumptions, case in point: how you will be afraid of men because of data, however when more detailed study is done you ignore it. You are willing to find single numbers to support your view, however when more data is revealed you distance yourself from the facts. This is the definition of confirmation bias. Further study of the numbers shows that the perpetrators are overwhelmingly people the victim knows, however you still keep friends and family nearby, or how the majority of this abuse is documented to occur in Ethiopia, Tanzania, and the Middle East (http://www.who.int/mediacentre/factsheets/fs239/en/), yet the majority of criticisms you have are towards western culture, the culture most accomodating and supportive of women by far. However improbable the chance there is any, I ask that you send studies to support your claim about the prison system. And actually women DO rape. (http://www.irishhealth.com/article.html?id=23456). Women are not exempt from evil.|@c0bbylw 1. I didn't say women didn't rape- I said that women aren't raping themselves. That is in reference (and agreement) to the statistic you mentioned earlier, that most women in sexual assault cases are victims of men. It is well known that women are humans capable of great evil. 2. There is no such thing as drunk consensual sex. Just sayin'. 3. You're simultaneously stating that women are in danger of rape (1 in 6) and that we shouldn't be afraid of rape. Okay, I know this is a lot, and both of us want to be right and stand up for our beliefs, but when you go on a post that's designed to raise awareness for women's issues and you use rape statistics to try and illustrate that it's not an issue, you might need to take a step back and wonder wht you felt so compelled to defend rape culture.|@haleyaleina I misunderstood your comment about women raping, my bad there. How can you say there is no such thing as drunk consensual sex? If all parties are intoxicated to any degree and both surely agree to the act, why do you care what people do in their own agency and privacy?  Not saying that you shouldn't be afraid of rape or assault, I'm saying that women are no more justified in their fear than men. Men face slightly different yet equivalent threats, and to suggest that women deserve special treatment would only further accentuate disparities in treatment of men and women. This original post suggests that women face some greater invisible evil that men don't even have to think about, which is just not true. Not only have you failed to support your statement about the prison system, you are also making more claims about a rape culture. Are you suggesting that Western society specifically supports rape, or global cultures in general? Please show me the studies that are supporting your views.|Consent implies a decision made with awareness of possible consequences, and alcohol inhibits judgment, leading to grey areas of consent. I mean thus particularly in cases where one is unable to vocalize their dissent due to intoxication. And women don't want special treatment- we want equal rights and a level playing field. That cannot happen if we are being victimized at twice the rate of our male peers. Are you a feminist? @c0bbylw|@c0bbylw and also, you can't refuse to do research that I've recommended and then blame it on me not supporting my facts. The info is there whenever you're ready for it :)|@haleyaleina Name the rights that men have that women don't have. Detail how the playing field is uneven. Because I can. I can tell you how men are three to four times more likely than women to commit suicide in the western world (https://www.ncbi.nlm.nih.gov/pmc/articles/PMC3367275/). I can tell you how men suffer 63% longer jail sentences than women for equivalent crimes (https://www.law.umich.edu/newsandinfo/features/Pages/starr_gender_disparities.aspx). I could tell you how men are 9 to 11 times more likely to die in the workplace (http://www.smh.com.au/comment/how-to-die-at-work-be-male-20141028-11cti8.html). I have provided clear evidence for my case, while you still have yet to support your claims about rape culture and minority-persecuting prison systems. I (by definition) am a feminist, but the term associates me with the modern third-wave movement, which I disagree with almost universally. I prefer 'egalitarian'.|Well, we have an ongoing debate about reproductive rights and the availability of health care. Then we have the wage disparity, and the disproportionate amount of females in positions of power to men. Also, about 97% of rapes go unreported because the legal system discourages the reporting and conviction of rape. Then we have worldwide female genital mutilation. Child marriages. Acid attacks. Rape being  classified as a war crime. You're asking me to prove the very fabric of our history. Women have been classified as less than men for all of time. Can we change That?|@c0bbylw why do you prefer egalitarian? What does that mean to you? All I'm trying to show you is that instead of confronting this issue on an image you see on the internet, you can and should go out into your world and communicate with women about your views on their issues. I've already given you resources to check out the racial profiling in prison systems. And the rape culture claims are supported by the fact that a picture about women's issues has turned into a debate on whether the subject of women's issues is valid or not.|@haleyaleina Reproductive rights apply asymmetrically due to biological differences, however there is valid reason for debate there. The wage disparity (I assume you reference the ""75 cents to a mans dollar"" idea) is a major misrepresentation of data. Women earn less, true, however this is not synonymous with ARE PAID less.|@haleyaleina Women on average take lower paying jobs than men, shown by how 70% of employment in education and social work is female, while most STEM fields and hard labour are around 80% men. Also, that figure did not account for working over-hours and maternity leave. How are you sure that 97% of rapes are unreported if they're not reported? Where are your sources?|@haleyaleina Who is telling you that rape reporting is discouraged? Genital mutilation and acid attacks are considered horrific crimes regardless of gender (also in the Middle East and some parts of Asia and Africa are most commonly committed by women to other women). This is a cultural issue and I agree it needs to be fixed, but that is a social community issue in particularly undeveloped nations.|@haleyaleina Countries like Saudi Arabia are the worst for this kind of thing, so why are you criticising western society for the genuine human issues overseas? These are crimes against human and civil rights and should be treated accordingly, and the western world universally defends human and civil rights.|@haleyaleina Rape being classified as a war crime is PROOF that establishments as high as the UN recognise how bad these crimes are. True, women have been marginalised for much of history, but we are not living in medieval patriarchies anymore. I distance myself from the feminist movement for this exact reason, it constantly attacks mildly offensive jokes, objectification, and 'microaggressions' while ignoring the actual human rights abuses prevalent across the world.|@haleyaleina You seem to suggest that a 2-person debate is evidence of society oppressing women by ignoring rape accusations and silencing dissent. Why? By commenting here specifically, I have had more exposure of my ideas than anywhere else. No thee medium could let me challenge ideas so globally instead of just local people. This is what I love the internet for.|It's very interesting that you're acknowledging horrible crimes done to the human race, but you have so much trouble admitting there's an issue with violence against women! Tell me, when you hear of women being mistreated, why is your first response to say, 'It's not a big deal, men get mistreated too!' Your suffering is valid. My suffering is valid. My friend, feminism is a global movement. Why are you trying to separate women's issues in America from women's issues internationally? Can we agree that women are targeted? Can we agree that historically women have been oppressed? Can we agree that as logic would follow, women are now at a disadvantageous position in relation to men?|@c0bbylw and please do some research on rape statistics! Look up how many people are convicted vs. how many people are assaulted.|@haleyaleina You are incorrectly assuming my response to violence. My issue is that it is bad enough for it to be a human or civil rights violation, combatting violence in a gender-specific way is irrelevant. Feminism in America is fundamentally different than other international issues due to the cultures of the areas in question. American and western feminists most commonly write Wall Street Journal articles or Tumblr posts about petty social issues like microaggressions and objectification of women, because western culture leaves feminists with so little to hold on to. Feminism is desperately NEEDED in countries like Saudi Arabia and Ethiopia because violence there is so ingrained in the society that it affects government. Saudi Arabia is run under Sharia law, the laws laid out by the Quran on government of people, including genital mutilation of women and persecution of gays. THAT is where women are targeted and THAT is where feminism is needed. Feminism has done its job in the western world, and needs to fade. You seem fixed on generalised, vague ideas like ""women are targeted"" without referring to any legitimate sources. You tell me that more women than men are raped, and apparently you draw from this alone that women are an oppressed 50% of the global population, yet I have shown you that men receive longer jail sentences, are more likely to commit suicide, and are four times less likely to report rape against themselves (https://www.rainn.org/statistics/victims-sexual-violence). I have shown you mountains of data, while the closest you've gotten is telling me to google rape statistics, when you clearly have stopped after two articles that support your pre-existing ideas. You are not proving anything you're saying. I can show you multiple sources for every claim I have made. Can you say the same? Who is telling you the things you believe? Who are you trusting? What studies or statistics are you basing your beliefs on? You are not showing me anything substantial. How can you expect me to believe you if you don't show me the data?|@c0bbylw it's not my responsibility to go do research for you, but I'm happy to point you in the right direction! What you need to recognize is that your statistics are all based in one way or another on the existing power imbalance between men and women, where men have more and women have less power. Your statistics prove my point, of the need for modern feminism. I suggest maybe getting off the internet and asking some women face to face about feminism. Get the dialogue started with your mom, or sister, or friend. You're belittling the stories you're reading on Tumblr from modern American women because it doesn't fit YOUR idea of feminism, but a girl being raped here in America will have the same heartache as a girl in Ethiopia, so let's try to make all women safe. Get the idea? Seriously, go talk to some ladies and ask if the tampon tax is fair, or if they are represented as a group in politics, or if they've ever been told 'girls don't do that'. But take them seriously! Inspect your beliefs about why you're against women standing up for themselves and demanding a safer life for us and future generations.|@haleyaleina Here we are, at the limits of your beliefs. The only way that your ideology can survive is if I abandon skepticism and research, and embrace biased anecdotal evidence as valid data. You would rather believe that there is a global conspiracy putting down women and faking data, than entertain the possibility that you are wrong or misinformed. This is either your incredible inexperience at debating, or intellectual dishonesty. You have categorically failed to prove ANY of your statements, while avoiding refuting mine honestly. In order for anything to be learned from this, I need to know where you are sourcing this information, or who is telling you it, because more and more I get the feeling you are exaggerating or simply fabricating your own 'facts' to keep your thought bubble intact, and without external sources, that is the most likely explanation. You have never inspected your own beliefs on this subject, and cannot do so, because if you think too hard about this you will have to admit you are lying. This is where feminism has left being a movement and morphed into a full ideology. If you want to be taken seriously, refute my points one by one, and clearly support your own with evidence. Debaters like you represent modern feminism, and why feminism is not taken seriously, by me or anyone reasonable.",29
54,54,#Finally a #NewPost!!! Inspiration for the Next Generation. #ontheblog #blog #blogger #freelance #freelancewriter #likeagirl #questionsformen #twitter #myinspiration #women #WomenInSTEM #womeninaviation #linkinprofile,questionsformen,|How inspiring!,28
55,55,"#QuestionsForMen is a thoughtworthy twitter topic. i was at a friend's place last saturday and had to travel home alone. as it's not guaranteed safe for a girl to take a taxi alone, i went by subway, bus and then a 1 kilometer hike to my house, and then had to ""i'm home safe""-text three girlfriends who worried for me. it's just an accepted part of everyday life for a lot of girls. ğŸ˜ğŸ‘ğŸ’© usually, i just don't go out at all unless i can take the bus that goes all the way home.",questionsformen,"|Take a taxi alone is not safe in Sweden @fromamouth? Here take a taxi is safer than buses and subway for sure!! And yes, send a message or call to say that we got home safe is always needed for us too ğŸ˜|Det Ã¤r sÃ¥n j-vla skit att det ska behÃ¶va vara sÃ¥ hÃ¤r! Att som tjej hela tiden behÃ¶va anpassa sitt liv pga rÃ¤dsla fÃ¶r det andra kÃ¶net. Och anpassa sin klÃ¤dsel, vilka stÃ¤llen en kan gÃ¥ till, vilken vÃ¤g en tar nÃ¤r en ska hem sent, smsa vÃ¤nner att en inte blivit Ã¶verfallen och att en lever. Det Ã¤r sjukt!! Jag kÃ¤nner mig inte heller det minsta sÃ¤ker i taxi om det inte Ã¤r en kvinna som kÃ¶r, vilket det aldrig Ã¤r.|Maybe should have written in english. Its so sick that we constantly need to be scared and having to ""adapt"" our lifes because of fear of men. @sdoreymenano i dont feel safe in a taxi unless its a female driver, which it never is. ğŸ‘ now im angry again! god damn the patriarchy!! ğŸ˜¡|Here is really rare a female taxi driver but they are more safe than other transports, even with male drivers @klara_magdalena. On buses, I am afraid to go alone but on taxis I feel safe regard to the drivers, because security here in Brazil is really bad nowadays. In my city, these are the transports, there is no subway here ğŸ˜ and like you said, it is a shame that we need to ""adapt"" our lives because of men!|@sdoreymenano im sure taxi IS often safer BUT it doesnt feel like it because ""alone with male stranger in car"", for me at least. I wonder how many men discuss this topic! They should but they never do. Its always the same tiring reply: ""but not ALL men!""..ğŸ˜©ğŸ™ˆ|I'm a man. And I dislike going home alone in the city. Especially the walking bit. However as a man we also have the pressure not to feel scared. So we don't talk about it. I'm not afraid of ""men"" I'm afraid of people who for one reason or other take to violence as an expression or solution. People who care about me usually wants me to let them know when I am home safely. As for Taxi as long as you use one of the bigger taxi companies I think it is very safe, but expensive ğŸ˜…|I am a man but I am transgender so I do text my friends I got safe home. And I think the world should change cause womens deserves to be safe and respected.|we need more good people like you, @illusion_of_time ğŸ’|Thank you, I just want whats better for the world.|Actually yes because I live in a dangerous city and sell drugs so of course|@illusion_of_time As do I. Letting people know that you are ok is a good way to let them know when you're not.|@miaronnebo I do feel the need to point out your sexism in your above comment. I understand that objectively and statistically men are the most likely to commit crimes, however also statistically it is the most likely for MEN to be the victims of these crimes. The United Nations Office on Drugs and Crime revealed data which showed that worldwide 78.7% of homicide victims are male. I will gladly send you more data if you remain unconvinced. Your lack of research into this area has led you to being afraid of 3.6 billion people, most of which you have never met (probably) and know very little about. Also, you reference the patriarchy, however I have seen very little to support such an institutionalized and systemic form of sexism. Verifiable evidence is welcome.|So its sexism to point out that men is the group that commits most violent acts including rape? @c0bby407|@miaronnebo It is not sexist to point out facts, however it is ignorant to only look for part of the data. The more complete story is that men are the most likely victims of these crimes as well, as I highlighted in my previous comment. Your feelings of fear at night may be warranted, however you are no different from other men in similar situations. Men don't just stroll down the street without a care in the world if they're smart.|@c0bby407  its not very likely for men to get raped or sexually harrassed. The problem is still that women are afraid of men because MEN are the ones statistically that perform these acts. It does not take away facts that men can also be afraid. But this is not what we are discussing at the moment. What you are doing is to hijack this topic to be about men instead of talking about how we can get rid of the problem. Its not helpful or constructive at all. Why dont you start you own feminist account to talk to other guys about toxic masculinity instead? And what you can do about it?|@miaronnebo I believe that it is important to understand that we are not discussing a closed system and a single issue. We both know it is far more complicated than that, and it cannot be effectively discussed without involving other areas or topics. It is true that women are the most likely victims of rape and sexual assault, however men are most likely to be victims of murder of all degrees, robbery and larceny, grand theft auto, identity theft, and a myriad of other life-destroying crimes. The original post was questioning if men have to message when they get home to let others know they were safe, using rhetoric to suggest that this isn't an issue men face. I am attempting to show that everyone is in danger and women are not some unique victimized group.|And how many of your male friends text you or each other ? Its the feeling as well. Im still pretty sure most guys dont do this because they dont feel uncomfy getting into a cab alone with a male driver or riding the subway or bus alone because they are scared that other guy on the bus will harass them.|@c0bby407|@miaronnebo This is exactly what I am attempting to make clear. This 'feeling' of being threatened is no more warranted than that of men, and the data shows this. I could tell you about the time one of my male friends was groped by a man, or about when my parents set a curfew of 9 pm because the streets get way too dangerous at night, but these are baseless arguments, anecdotes which could have easily been fabricated or modified. Arguments must be justified and proven, something that your arguments appear to be lacking. I suggest you talk to your close male friends about their experiences. You may be surprised. Please do not base arguments on ""pretty sure"" and ""feelings"".|@c0bby407 i dont know where you live, but here in Sweden according to swedish statistics, 6% of men worry about being attacked compared to 16% of women. 25% of the women also feel unsafe in the area where they live compared to 7% of the men. Every 10th woman avoid going out alone at night in her own neighbourhood. Womens fears are connected to being sexually assaulted. This is the big difference. You can tell me about your one friend being groped by another guy, i can tell you ALL the women that I know, including myself has bern sexually harassed, physycally, verbally or actually raped. Sexual harassment is something a lot of girls and women experience many times, so, dont dare tell me that we shouldnt be afraid or that men are equally afraid bc its simply not true.|@miaronnebo You are making progress with using statistics, however you are still missing my point. It is clear women are on average more afraid, however what the statistics I presented show is that women have no more REASON to be afraid than men, whether they actually are or not. Perceived threats are not the same as actual threats. And as I warned, you have turned to anecdotal evidence to prove your point, after I just clearly demonstrated how useless that form of justification is.|So what? Women are afraid of reasons. Men are that reason. If men stopped being assholes, we wouldnt need to be afraid. So go cry somewhere else. This is extremtely tiring. Spend your time talking to sexist men instead.|@c0bby407|@miaronnebo I find it extremely counterproductive to call 3.5 billion people assholes without even meeting them. If I were to make a statement about women being assholes, I'm sure we both can imagine your response. Do you not see the double standard you have just created? You are failing to actually listen to my point, and instead are insulting men for no apparent reason. I am begging you not to sacrifice reason and logic for emotional reaction and sexism.|Ok, let me explain. You are trying to say ""not all men"" but with more words. Its not that we think that ALL MEN are assholes. We know they are not. We are talking about the GROUP ""men"". Because we know this group is more likely to commit violent acts, sexual harassment etc. The thing is we have no clue about who if all these men to be afraid of, therefor the logical feeling of being afraid of the GROUP men. You see? I will stop debating this bc you are wasting my time. I suggest you read up on gender studies and feminism and try not to waste womens time trying to tell us what to feel and not. Go bother men instead, they are the problem. Not women. Bye. @c0bby407|@miaronnebo I have disagreed with most of feminism, but one part which always held my respect was the fact that feminism was in part about identifying people as more than their gender. Sure, they fit into groups and subdivisions, but feminism was about realizing that we are all so much more than that, we were our own characters and identities made up of hundreds of experiences and ideologies. The moment you construct this false dichotomy of men vs women or billions against billions you are refusing to acknowledge that everyone is an individual and more than their gender, completely undermining what little sense modern feminism made. You are sacrificing accurate, detailed and complex points for a cheap, short slogan. ""Men are the problem, not women"" is the pinnacle of your failure to understand the complexity and depth of the issue we are discussing, while at the same time dividing these unique and integrated people into two final categories regardless of who they may truly be.|Exactly. We are not our gender. Gender is not an identity. We create gender. Both men and women are responsible for that. Everybody looses in this system that we call patriarchy but men win a little bit more on behalf of women. Over and out. @c0bby407 i suggest you read feminist books and not just headlines.|@miaronnebo You just agreed with me and then showed you learned nothing, immediately doing the exact same thing again by dividing society into men and women. This is called a false dichotomy, creating two separate and opposed groups and then clashing them against each other in some oversimplified dramatic statement about the world. Also, I have yet to see proof of the patriarchy hypothesis so many feminists reference, so I would be very grateful for an argument in favor of its existence in the Western world. To not reply would be to forfeit your position.|Its not me who decided that. Society decided that we divide the world like that. Society taught us that men and women are each others opposites, whics is ofc made up. @c0bby407|Im blocking you now. Pls read a couple of books about intersectional feminism and feminist theory. @c0bby407|It is not our job to educate men why we fear them. Ask amongst yourself or google it and LISTEN. To the people telling their truths.  Be humble. Be kind. Or be banned. No more spoons for you.",26
56,56,âœŒ #independantwoman #sotrue #womanpressure #questionsformen,questionsformen,"|Often, because I don't even live with adults and I'm 16, I live with roommates|I actually enjoy being called independent and young. Mainly by my grandparents.",30
57,57,What distracts or discourages you from talking to a woman...??? Or being interested in one?? #questionsformen #questionsforall #totallyconfused #uglypeoplegetplaydaily #whatstheissuewithLee lol,questionsformen,|The issue is she takes forever to reply ğŸ™ˆğŸ™ˆğŸ™ˆğŸ™ˆ sorry sissayyy|Lololol hush.... Smh I do though.  @ariesbaby_march25|It's dry because you're ugly,8
