,Caption_Tokens,Label
7,ich job ich gut mir r w hat sie na n sind ich generation nun sie ist ich also c ber,1
19,lecture l ne plus lira livre par l de la de l oppression de la par l l analyse de de l de de la encore de un livre certain e de se font de la de v la left read know find amazing book author explain u misogyny political religious reading book good way men become ally,1
22,nach ich gut taxi ich den ich ich sah handy den war er gab mir da handy die hand ich warf da handy den scho die den ber,1
24,sir e die da wo sie drum sir e den sir,1
44,also ist schule wir er hat ist die hat die w hat er den r da die situation war hat er da fast die f da er da sie h er thank art beautiful ber,1
51,fra f skal den er er er st v en legger til er st om er sex b r man den man bare f r p til seg om men p han til er trist p de en mor de mange er de sine n da man de liker p de historier dele send inn kan dele folk er v dag,1
54,ich park e war ich teil meter die ich hat nach ich ich er ich l gen er l ich er l er er penis fand ich ich er n bi ich er ich gar ich tun er bi ich ich w die da mir um die situation ich ich nach sah ich hinter w tend ich den park die ne f r,1
63,oh hi long time see war e e sind dinge garten den n ich job hat ich mal garten content paar ich war super da lief toll war ich die ist sie sie da da w moment ich h sie da hat ich ich find da,1
95,f om tale ser f r en skal jo f ha en studier p te legger p n r er en men n r er en er er f r hysteria en diagnose p seg mot fra f om dag mot om vise f kan dine er kan bare er de de tie lys ser om studier mere om magazine used insist didnt get angry sport discrimination black,1
105,jo bare jo bare en n dere er er jo er er fra sin f ser f gang ta p r ting v v om fant er problem g han er mange gutter de er de er hele til oftest en skal passe p til seg b de venner han se er en fra amnesty hele gutter er seg v stand til seg er p om inn om om om deg r el sier om de deg er store f folk til er er,1
135,ich wir ber da buffet den wir mein te mein seine hand seine sah w er die hand er den blick w ich moment e war e ist ber,1
142,da l ho al festival di e dove l era e di ancora c che mi un dell donna non pi che mi testa ai un di da e un bar un per e come ancora mi di che e mi conto che da sud la come specie di da un ancora co la la con mi per non da per ne ho e ne e salver come sulla torta di quale lo steward ha due la e che mano che ancora e di io che con e poncho che mi da non co e per visto che poncho viola che,1
150,thema e l die sind da die sie ber da also sie die w die art hostile ber ist die benevolent sie u ber positive ber gilt die die nach wird h da ad sustainable underwear,1
166,er fra n r b min partner er en mand er han kan v p en gange om n r b r p mig er par timer en gang om er om er en v min tid p end mine b en men f mig om k n spiller p l mangel p er v n r else v far v mor min er r ammer mere er mere er mig er b end min partner er,1
168,ich f r da n ich b mir um die war stand die die raster den b ich ber,1
177,war ich alt ich jean die ich den ich da outfit ich ging die stra e ich mein f mal ich die n stra e bog ich um die auto mir n ich mir bi e die hat die die ich seine h sank mein er die er nach hause den rock ich f ich f f e um ich ging nach hause um e lag den tag ich f um e ber,1
188,er protest outside er er er mot er se sa er en nu r mot bare dag f r er bare saker de er ender tall fra hele g r en amnesty rapport er n mot er sa kan til ta hit til en vet om beg v uke de om h ye er de n til en mot men filmet fra g august er er ume via nu sa,1
192,er p r kan v vise de man dag man sit k n men er nu v minder om marking breath p tur til v n min bag min f mig overset ville stod er en mand sidder centrum k sit p mig til er er spiller han p v handler om men han er skal en chill pill g r en ting han problem fra er en v er til rig credit til mig person den gode f r en til dessert g r er til fra mig er p de man v ret bare husker men heller n dig,1
193,ta jupe super tu va c la peine de jupe si tu tu tonner si tu te toucher la c cause de toi e un pour de folles se l c en encore e de genre de r p te sa te nous par j c court non si tu un short la c ton ce n ton rue gros e fumer la passer si transform e en big mac de fondu pour ne en pression cause de change de trottoir un tour pour la v rit pour c nous pour c peine j plus c r de de respect font de love,1
194,h man tige oft sind e die e g art h sie da die sie die hose da tattoo ist die hand die hand h wir die e wir wir sind da wir l na bin ich hat h ich gar k wir en augen da er wir schule w er best wir sind l wir teil die tag sind die die ist die man stra en hat wir wir f h wem wir wen wir da k wir,1
195,n v pendant de l de la table fort se l vent pour ranger termin en cuisine parer dessert c chose ne plus la cuisine n un lieu secret r monsieur lever pour un coup de main ne c normal bien se passer,1
261,comment ton cycle de pour ta puissance te dit tout,1
304,ich bel fast hat mal die form bel r k sie die da die sie angst da r ber die situation die die bel den oft den p sie fand ich die l sung da ber n e mir den da war ich nach h mir ber da um verst hat person sie verb wir sie da w e k n w situation also form bel story highlight erg sie die,1
311,fill blank p c p c neither p c every vote,1
316,ey e mal r ber stra die hand ich die augen die gel h ich den f r den e che da hat tun ist bel da ist st ich dar ber ich h ich w h r halt hin hei e da ist nat ist e person ber k sind die sie h angst bel ist sie w da ich e die wut da mir den ist person die park sie hat blonde sie ber die,1
332,er n r seg socially awkward k te se en setting de til er til mate er setting,1
366,st r p r om r p r er men da g r er p n n sitter ken n er bare er galt man er heller si fra men er man n r man er er millioner r f r er p ville ta en prat den om gutter er gutter er bare en k setter sin er en p r mot orange together everyday p tar millioner r inn n f r p er nei men mange mange til er ta inn mot til er redd husk feminist er er si fra om v r se en er,1
376,sie die ich n dar ber wo sie er teil rock top stra e die oft ber bi hin da da mag die h l ach k front f r f r den den augen rock k ich ich die hinter da gros ich che h dich halt h z ich ich ich mag die che na f r die die die b nation n,1
391,b g r l pretty little girl strong baby boy kind people think girl sweetness bond people think boy congratulate evolution size weight imagine near future football dad question gender small baby care related biology people send totally different crazy street much global fashion find neutral clothes difficult think also gender around react petite si beau b b c genre de c sur son physique sa lien sa c un gar f pour son volution sa taille son l imagine un foot son papa pour question de genre pour un si petit b b n en st r sa rent c c pour c plus global la mode difficile en st r de genre de b b de comment r,1
394,ha p f seg om p de er om hele fra er feminist er er b r v st skal ta sett p ta sin er p n r man alt til n r tar ting seg de,1
409,rideau se ferme pour nous n ann e de combat de de de bat nous n point f ne nous de nous ne aller nous combat nous de plus en plus nous n plus ta nous c nous de prendre ce flambeau de continuer ce travail de vie,1
508,ich nach den trip um war ich oft st l seit ber ich bin total man ist da ich angst da alter ist da ich mir die situation die angst ist da ist er gender bias ich da sie ich den b thema ist um die da gelt ich sage e hin mantra ich die mir ich mir ich ich mir ich ich mir ich ich bin f r mein handy da nach b ich ich ich sie die n ich ist e den ist e sie gar ich e nach en via display e ich da,1
649,r v l en moyenne plus de sur aide tendance en photo de,1
761,r v l en moyenne plus de sur aide tendance en photo de,1
929,soy mi si eme ya ah god n god n,1
956,hoy e mi de para mi el el de din mica en like n un god n god n,1
971,en la n global rea en mi de god n de con l lo do de de el pa en ocean el primer e se un poco do ped para un comer al la para dar la n la ya en el para la n contest pronto n en el de mi global en claro l e la en la de te en lo sin tu en la god n god n,1
1004,sue el n en lo lo un se romper de se ni la god n god n,1
1008,la n rumbo al la junta de mi rea ser de de el la mal en la e en pa para e meta un se en son para e soy n en let god n,1
1015,ra li te w ale ad na r e wi c o b w ta o b z l te mo na z e,1
1023,morgen ich den ich bin se b te u er ber er k da engagement e medium um mir e ich bin ich b te ber ich e er ich b te ich ich bin sie hat k sent bi also wo sind sie sie sie sie ich bin ich bin ich bin ich bin sie sie da w ich w ich den,1
1058,c bizarre naissance porter aimer aimer n tu ne te dit ce tu ne aimer,1
1069,f r f r sind f r f r sie k nun die um sie um da ist de die f r f r sind,1
1079,e lo te la al el cap el de yoga e l la de,1
1091,per al mese stem dal con dalle l stem dal con stem ha mese stem dal che si e e dalle ore la di ad di stem e e per bit ly,1
1097,la giornata di mi un di che tempo e feedback che ha al termine dell di e che si di la ancora che e presto,1
1098,un dell al da l ha di l un che far figure al che la di e ad di,1
1117,hoy en en en pro de la n para de n la para sin much x de en favor de la para para,1
1124,j ai eu ce de f pour sa nomination en advocate par la sur commerce de de pour de r pour ce challenge,1
1145,mi personal el en x en en para familia mico,1
1150,la en el con el prop de la de g ni o para la en la en en el el en la en la de la en de mayor n de en el el de ni o ni en en tu la la lo,1
1154,vill och till och extra tack till f r den,1
1158,da e de da n se em favor de e pais se um estado contra e da lei da parental lei e de na um rio lei da fam rio e para de um e de um e mil de fam lei da parental lei da parental p trio para l ria lei para pais de se la familiar para la da da e lan um document rio sil do eu de saber da e o super quest e de g v se em de em se do mil dinheiro e n para resolver o e n em dinheiro de sao para sexual e para o,1
1163,de da um de e em e na de e mim e,1
1182,de de hero ma na e ser super hero na de e,1
1184,bug n z g n k z n te zaman,1
1189,k z g n e k z bug n l de k z g n e spor b birle mi taraf k z na l n n tam n sa k z g n bu g n e k masa bran lar n g lar b z k yar e k yar k z e e g c ge k ad na ad e spor z n k z n ad na p ilk k n ge b z n birle mi n ba ta e maya ge ran n ad n par bu k z n k e z k e k z n e spor na b n e z k b spor kay um k z kay e,1
1190,k z za zel g b n lar r k z n n yan z z g n z,1
1191,k z za zel g b n lar r k z n n yan z z g n z,1
1195,para em bit ly n n ser n natural e para de de e n para em um n n rio e de vi do um lan ado em o sa da e fundamental em um em j fam rio e na de um e rio se n se em e j um passo ma n se dessa em de de e para de e n e em o para e e lo de n,1
1197,em n meros da e e e e ponto viver em e de ma n e ma o e de,1
1203,hello si nous de er de l amour un mot amour respect tol rance un ensemble nous sans nous de la f de c si te de en perdu e de de,1
1204,name star flower reward wearing last seen everywhere looking ravishing ula k bask e kat g en sever lar n bu g de r de g r,1
1205,de e e do e e de nova para e hora de se de em,1
1206,ich wir f r ich da bald frank ist hat da ich plus da ist mal gut l die da sind die sind f r ist,1
1220,say one cool false daring show fully absolutely arena taking courageous enough courageous daring show arena whether hard talking inside speaking partner crossed relationship put arena vulnerability knowing exact outcome arena el se e el fuerte e e de la arena ser lo ser e en la arena ya sea de lo hay de ti con con tu l se han en n en la arena de la sin saber l ser el son en la arena para ti,1
1222,consultor para de de g na civil e era eu j na eu na da e e e,1
1223,um weekend para ma e para da vagas e um e se se e pro link para na,1
1225,p till r dag f r r st mot se till ta er dit,1
1235,block vulnerability want feel shame sadness even weakness also blocking possibility feel joy become self real strength built real courage real courage le showing world cover guard thing true men si la tristeza n la de en tu yo fuerte la se con el real se de n se de al sin sin sin la arriba e lo lo solo,1
1262,la de g en c mo la vives en la la son de la de g,1
1268,mi per la giornata di sole per per tempo che e continuando un nei e che bene poi tu di tu bene di e che si e di senso che di ti un di pi virile solo al e la come l da non la prima che mi e non sar l ultima donna dilemma per lo la di perch non non si di solo di non e morale verso c e non si pu per lo si come e e che tu donna che crescendo non se e solo da chi ti da chi per stare al e tu piccolo non quest come non tutti come se di un c di te per lo status quo,1
1270,en ce de pardon la pour phrase mon elle elle f bon gros j encore n facile pour elle de r de dominant ben tu toi te sup tu un long si tu dis non tu ben sa patience en e brique par brique mon un misogyne dis misogyne plus tout misogyne tout n encore parfait pro f f car ne difficult essayer de l inverse rep face f j ai la pression de la performance de la de la domination se sent un se un se de de l en train de ce pour de en par bien aid,1
1273,de pol tribunal regional e de em polis de da na pol e um j sa de para mudar um rio ma de na n em e e para em,1
1275,r mon premier genre en r l profit de la son titre l ce livre rend lien de l n de la un la r par extension de tout un continent si de un tat en sur de r e de plus en plus par n volution ne question de l combat l important en de l r de,1
1276,j de galera n para come um e de um ama de em e j e j n responde e cora da e saber l de n te um de era e um um feedback te o e n ut saber n ma far do um para saber sair de um e na l n do alto voe c u,1
1278,f r och j ut vare och h till p g se f r h ra om kan f f r f n j f r j r j st barn och la en f kan ta j gan j en och nu r v till f r j p r och en l rad h f rel ser j din f r f j genus och j r l outside box sin och f r roll samh v r outside box och h en l f rel lunch peter rung j un peter f rel ser om j till f om och ta,1
1295,de el trica de de n ser de de n fez ma eu gripe dor de e e lindo ar da l n de e do e valor,1
1296,r kan till f r en po rang men en en om v,1
1305,den sig till dig f r och j r v se f r och lan g f r dig och p hotel g program f n j f r j r j st barn och la en f kan ta j gan j en och nu r v till f r j p r och en l rad h f rel ser j din f r f j genus och j r l outside box sin och f r roll samh v r outside box och h f en l f rel lunch peter rung j un peter f rel ser om j till f om och ta,1
1306,rio de para mim os e eu de eu de dessa e culpa e eu ma n,1
1310,f j och ber h kan till k n r mig jag h r en och kan f n r man n gon en en v n vet de om de den men mina gon r r kat ut f r n got f g ra dig f dig person information och f r ta p dig men vet r f r h man kan mot genom ra ga dig och ka st r jag f r h och men mig jag hade jag en do k och f r och v ra r till samh r b l f r f mot r b st,1
1315,god lar mig mot och j om och er v b dag,1
1319,da marco e victor do um de reflex em mar de e e reflex e singular de de e da viol e de g e e se pud de ser e n de e da de ser de debate de na p,1
1322,n um da j frase met e terap para em frase h e e na sabe e e boba ma de e para viver ser bora l em junto e e,1
1332,el e se de bien con de la c pablo la u de un el ense bien usar el sea en sea,1
1341,poco para se la n con la de g la e n,1
1347,un team ha di da modena e di perch ha di fin da di e e buffy l di figure che da sole si e per la e come loro pur non ho per e la di mi ha ho che la di al la la di modena di di parma e ai che ho loro ad da con persona ho l che la l di e di ho di nei pi conto che e che si che per per che ho di al di beyond sell che per dare piccolo un al se tu con non dove non l os di,1
1357,di che per si dalle e la di aver come per al un e weekend per e un mi sa che sar l ultimo al mare mare di la di ultimo di con la di un ultima prima di sulla e poi ho la con due ore per visita un piccolo di donna di presto la pi vita che mi di e mi che si di al ho la shirt di la campagna per l di vita e che campagna che da co come che di che di la di lo perch non la fa che dite bravo,1
1362,ref gio de do se um de para se da ma e n imagine para forum e de hora explode mil se viva um de viol na em e em e j o e de e para sil e po e um de e para um de lan document rio sil do mil e come ar de se link e,1
1363,uzan ba ba ba yor mant k sa lar n hay ben ben sa mal g z ya par alar beni b yor par ba ba ba ge mi k z hat yor,1
1372,dal per di per tutti un e di e passo da pi che traduce con parole che ho di fin che di la e di non dal e e lo e l se tutti,1
1374,waar het hadden wat om te om te er waar het om dit thema hoop de en nog om te de van de om dit te om te wat het nu met experience de de kans om de te te en medium,1
1376,het van de van en met van er dit het van het thema van en de hoe van de het programma van de check en,1
1377,se eu n era vim para hurricane island para pot come h e saber n de e te para se e se eu e de mim um para e para e de conte de e da de rede fort na em de um de e pro para e junto workshop e four em um time para hist e e,1
1380,eu lan document rio sil do e de um mensal ser da import de e da da e tal eu c n de eu na ma e de saber um estado n era estado se se e e se de e em si e ser e de de em deem um e,1
1381,ambivalent dag p p aller men er v r en alibi v den te de seg til be k nu,1
1392,visita con catalina de de la de record el amor lo se la el la son para el la de special visit catalina new director founder wedding company businesswoman u discipline effort persistence love key success happiness photo,1
1404,na e sair rio da da e hist para de g longa,1
1408,chang patten g n e de la question en p de de en pour arriver la tol rance z face,1
1410,da mal ist wird e die n e f r nach berlin da hat thema ist den eu ist wir die recherche dar ber die ich e ist,1
1413,hello ce bless e nous ne l combat ne commencer rie pour ce shooting e de,1
1414,en la de con de en el la de en j en la n de la n e de g,1
1417,do important se e fa dessa e da viol contra link na,1
1424,se sab aba pell la n de e un ha estado la mesa en lo personal ha el de para la hay hay hay ser con hay de la saber sue o de un en tu de te bravo luna joy king han en el la n de con la de lo lo cumbre haya en n si hay wow e un,1
1428,bug n de tam g zel g l n al g san r r bu hemen n al n yan na ne k k n al g ne g zel n na bu ama la c l n bu g bu er bu n n g,1
1434,lan sil do um document rio ser na da da um e,1
1440,e mi stand de body positivity en el amor en ser tan,1
1445,con un post di maria la un di e di non co difficile da che belle e mi che si fare la persona che di donna non per standard per fare un di se un po di pi ad di persona di non si per lo perch ancora per co con pi e al se di pi,1
1449,tu normal n bite pour en elle n de bite tout court respire l c un bien pour genre de ta ton,1
1458,fez de harry potter em um da e para remover de em para na hist ria de em harry potter da boa e em de,1
1465,um do pain e e de da hora e sil do da rio rio da import do na viol contra rio em eu e e mica,1
1466,la se la en el de g la soy de ante,1
1473,per lar alan lar n n n n c ge en l lar da hep b k n n n z e n c n z zel lar,1
1477,n e ha hoy la de en un de auto n,1
1479,ya l birle mi de n e de bug n ad n,1
1481,para o de emma de da boa da granger se e na da e em da de g n,1
1482,em rio de junto para ser da para n lindo da turma da e de e fez hist ria ser far da f da e de forum da da da turma da e e para um e de viver,1
1490,tait n e de de n l h ne de la c l saga harry potter f e pour dose inspiration son f,1
1492,die interview e ich mir die die die ich die f r innovation da ist ich f die ich ist ich teil innovation k e stereotype e n n die f r amen interview se ist story,1
1496,la la escoba e la de la se se con lo la la e e n de ser solo mico e en soy un de la n de escoba un bal n sin ni ser n labor la escoba met forum de lo interior e un n en la el gol e c h hist bien la p de la escoba se pone barrer do e mi particular ritual e la escoba el bal n la de hoy en el tec en un placer lo en para al en la la n,1
1503,jag r r r r och f r mig r runt mig ha f l n n bara f r de r r bara jag vill min dotter min min min mamma och ha f och f r v f r,1
1505,liker tout joe combat pour tout rose f sur mon shirt slogan car serai joe un immense pour shirt main sur e r de plus en plus fort e plus,1
1517,lo de lo tu si el te en te visto en si el de hay en lo te para si e el c mo el el te ha la lo si va el si te prop te si te parado te en el bar pueblo anterior hay se vive bien dime,1
1524,men jag vet r jag n n ta och p r ber och och sen sig och g ra till ra sina och f r tala om g g n gon n r din bus en risk n gon l ben din mamma r r f r g hem n jobbet en f r en risk n gon f sig p din p fest och men n r han h och sa han och r din f r sig f r p jag n h r den n p mig baken en och den p de n r om v man man haft tur g kan jag b da l ger n r till och b de och sitter en och hot gnar sig de r r l g r dock steg l och v r v r f p r p och de man om r n dotter man g p n gon mamma g ra f r och v g f r de dig om vill de r ra sig och precis n r r l men man r och,1
1525,n men fan och g f r l p p,1
1552,si nous ex de si nous font ne finis se face n plus regarder de ce mal n droit de n la cuisine la sans sans imagine dont de la si part de ce de son h nous de situation position n de combat de plus ne ne tou te touch e tou te pour un ne plus la n h l par,1
1556,n k sen l lento h min jo p n miss n n n sen ni p sit sitten n p v ala se n k k min v ne fou j min miss min olla n koko rynt si l j ala koko persona non sitten aloin pit n j se si ten milt olla en tied sen sen,1
1558,ich paar gym e man ber k die wir er da thema die gym wo die fast die da k sie er hin h ich da v e sie er die wert die bel ich sage da ist die argumentation sie hat die sie rock er na die wert fand er e er sie sind ware seit die dar ber person ist ist da ist mein ich ist er um sie ist e ist man die r ist sie sie sexy sind sind toll,1
1564,ose plus de r proposition c ami de mon ex,1
1575,n ya da l r misogyny n gyne taraf lan bu n ne k yor n la r n misogyny g r n u da buna kin g r feminist n n n l k ya da na de ya ant lar n kin r g r n ya b r r r r,1
1597,get sort package deal removing corrupt government awful sure worst two like one week work chief ya un con n n en el de con lo ha,1
1630,j ai quitter restaurant sans la facture j ai la pour la r cute j ai mon chaise pour regarder chose durant j ai pour j ai e pour la promotion de de pour dire pour un e c j un pressive j ai coll souper chant,1
1686,j ai quitter restaurant sans la facture j ai la pour la r cute j ai mon chaise pour regarder chose durant j ai pour j ai e pour la promotion de de pour dire pour un e c j un pressive j ai coll souper chant,1
1767,ich bin ich war person die da hat ge ist da sie sie k dich ich den passive ge wut mir die ich sie sind wir stark f r die die nach sie e ich mein ding da e shooting photo,1
1798,j plus plus de plus de gen se si en r alit si n en la de mal de pression la solitude la pression original,1
1800,r union bon de f l de correct ann e ah non se tout un te bah c tait mal de coup surtout en bien tu cond de sol j mal de la polonaise accord l wa c bien tout bijou arrive son non l j la c rapport oh h ta na nous accuser de tu nous pour un de r courage un v burn ne se de correct courage de tout post font sur la forme l tu te la polonaise ce bon peter dire n pivot en attendant wa cond walker suite en,1
1805,el la v de de g ya se de se se se poco al la n n de la ya la r mate,1
1809,absence de discrimination sur plan de un rappel n via h e c u l,1
1814,c mo yo fatal c mo ped si si si en si si soy favor la pol mi mental e un sin,1
1816,lo de giant day extra si te con la mano la giant el bien con extra en el de lo hoy n ya en ante de el giant eta,1
1825,morgen e mal um mental load e f r die da ist mal ber story e den comic da sind f r die dinge um den die die fast die milch n gel ist da ist mal den wird laura wird morgen mal,1
1826,ich ge thema die sie problem mein ist er mus e lich mus ich de,1
1827,para la mi solo de de familia la sea la de ser un de,1
1829,en en n de barcelona el de cost al n para de la agon con el diabetes se iba coca cola para el car el n se la hay de de lo claro l responde c mo de la dado el n para solo el de la al,1
1831,de la ni un de la el son son tu corral la si la la ni la se do sin do,1
1839,autem dit de sol si ne bye ne ni e ni de notion sur par sol e si tu e ce genre de passive sur la bless e sur la c tout,1
1841,la cuesta lo en vale mil se la e la de se se la ya para la g un ideal de alfa solo para la g mi n e son de g sin se con cuesta se sabe ser la,1
1844,pi son para el la de g se con la de se en de la n el lo e un ni n ni son son,1
1846,encore inspiration ne plus travail inutile pour pour la pour comment sans la de pour se g de part pour un de quatre pour de quatre ne pour un capable l amour c pour pour l la de de part gale la base indispensable de l amour pose la question ce e sa non te de l lever,1
1852,lo la yo e lo al con do de n n la v en un el si un la al de fuerte,1
1853,el e de n se produce de el se cree con el de la la lo de de f un sin embargo hasta el punto de lo son la un basta ya de,1
1869,el con el g son si lo la de n de en un el planeta,1
1875,si pro di un favor si di n un en contra,1
1876,en la se pagan el fico se pagan la e de l l decide lo c mo l paga l la v ni lo b para si el de son la sexual f la mica e un de n n jam te con l,1
1879,autem dit de sol si ne bye ne ni e ni de notion sur par sol e si tu e ce genre de passive sur la bless e sur la c tout,1
1881,la cuesta lo en vale mil se la e la de se se la ya para la g un ideal de alfa solo para la g mi n e son de g sin se con cuesta se sabe ser la,1
1884,pi son para el la de g se con la de se en de la n el lo e un ni n ni son son,1
1886,encore inspiration ne plus travail inutile pour pour la pour comment sans la de pour se g de part pour un de quatre pour de quatre ne pour un capable l amour c pour pour l la de de part gale la base indispensable de l amour pose la question ce e sa non te de l lever,1
1892,lo la yo e lo al con do de n n la v en un el si un la al de fuerte,1
1893,el e de n se produce de el se cree con el de la la lo de de f un sin embargo hasta el punto de lo son la un basta ya de,1
1909,el con el g son si lo la de n de en un el planeta,1
1915,si pro di un favor si di n un en contra,1
1916,en la se pagan el fico se pagan la e de l l decide lo c mo l paga l la v ni lo b para si el de son la sexual f la mica e un de n n jam te con l,1
1917,gust e te de la la en un grave de de son de yo en soy un si ante un el te ya n con lo de si de son son lo la barcelona de terrible en masa en la en se comer al lo sea para la de sue o n la ya han n para se han en contra el e de al ah de n mal mal ser lo constat en de un extra en la de arriba de el e el due con en la per ya al de de depas la un un local n de para en mal mal en para eh en un hotel un la de un local ser en hay taxi si tu la la de la va la tu un en,1
1964,son tait longue tirade sur argent pour en se demandant si c tait possible car n tait ce un match pour la description ne se fritter tout de l c swipe pour confronter c genre de sur confront e jours sa description en capture cran en la conversation coup court en match dernier message retour l,1
1965,de l h pride g n un de de la petite,1
1967,mon un de mon travail de mon milieu si mon travail li la de de ne se en de li e la rue l cole super march la salle de sport e de de la nous nous pour pour de mon lira la rue en passe la rue sur sa son apparence physique ne nous sur para non ne robe pour attirer ton attention tez de nous la rue de nous de nous insulter si ignore j la ville de l elle robe en un de de ge elle insulter de l j j sur porter en j ai tez de juger nous ne nous pic,1
1969,tu ne tue par amour un toit ne amour violence passion j un gen un ne ce g de ce un f ce tera nous passer l extinction de la elle tu ce n n de tu n e aim e assassin e par conjoint ex conjoint ce n tait n post ce j ai f elle elle c e l h de son en petit petit en,1
1970,un crime un crime toi tu r e de ce ce remarque la culture viol justifier un crime par la question c la de son de plus sir plus intense plus sir f ce c un st r sir pend un de de genre de la nature l te en,1
1971,dig el tu lo te ser un ser miserable hasta de ser,1
1972,attention th moment l population elle l moment l gen voter tait un sa employ moment l population elle taxer la ultra rich de arriver un la na vet l petit c l petit migrant c grand si de se pour affronter de goliath plus dont si n n ne l de la te,1
1975,p link swipe story til en om sisterhood nu min mig er er men f r l n laver mere k er til o mere skal de om skal b men skal de b en mand er skal smile er er men er er super en mand smile han se dere n r o skal er gange mig til gode folk kan en kan v til end v mor kan heller man skal de p de beg r b l en de g r min patter n sten,1
1982,un pour l ge ta tu elle c tout sexy j j c mon image,1
1994,con tristeza lo la yo soy culpable de lo la e n meros o n ah lo la de,1
2001,son tait longue tirade sur argent pour en se demandant si c tait possible car n tait ce un match pour la description ne se fritter tout de l c swipe pour confronter c genre de sur confront e jours sa description en capture cran en la conversation coup court en match dernier message retour l,1
2002,de l h pride g n un de de la petite,1
2004,mon un de mon travail de mon milieu si mon travail li la de de ne se en de li e la rue l cole super march la salle de sport e de de la nous nous pour pour de mon lira la rue en passe la rue sur sa son apparence physique ne nous sur para non ne robe pour attirer ton attention tez de nous la rue de nous de nous insulter si ignore j la ville de l elle robe en un de de ge elle insulter de l j j sur porter en j ai tez de juger nous ne nous pic,1
2006,tu ne tue par amour un toit ne amour violence passion j un gen un ne ce g de ce un f ce tera nous passer l extinction de la elle tu ce n n de tu n e aim e assassin e par conjoint ex conjoint ce n tait n post ce j ai f elle elle c e l h de son en petit petit en,1
2007,un crime un crime toi tu r e de ce ce remarque la culture viol justifier un crime par la question c la de son de plus sir plus intense plus sir f ce c un st r sir pend un de de genre de la nature l te en,1
2008,dig el tu lo te ser un ser miserable hasta de ser,1
2009,attention th moment l population elle l moment l gen voter tait un sa employ moment l population elle taxer la ultra rich de arriver un la na vet l petit c l petit migrant c grand si de se pour affronter de goliath plus dont si n n ne l de la te,1
2012,p link swipe story til en om sisterhood nu min mig er er men f r l n laver mere k er til o mere skal de om skal b men skal de b en mand er skal smile er er men er er super en mand smile han se dere n r o skal er gange mig til gode folk kan en kan v til end v mor kan heller man skal de p de beg r b l en de g r min patter n sten,1
2019,un pour l ge ta tu elle c tout sexy j j c mon image,1
2031,con tristeza lo la yo soy culpable de lo la e n meros o n ah lo la de,1
2039,po amen po e bite cone ce w jako za p bo ramus od z w w ra ra ady mo na e news imi norma,1
2040,leer con la la en en de la rep de el e sin embargo lo lo para la twitter de consider e un la n sexual la e usar la de era lo bonito el de de se han de lo de para la de en de de la mi se si lo dense de son de hasta bien la de ante un lo lo,1
2042,de n negro e el define la de de la n ante en un fuerte de en el post original un n la valor al la lo sin dar fa,1
2056,jean shirt l e e ist sie f wetter tag auto f da ist die ist die k wir e wird wird die da l f gar f die f da ist sie ich ich war ich war ich angst wut ich h ich ich k oft ich n die sie wo ich mein mir w da sind ich ich mir ich w ich e mir e w h angst tag war ich war e ich bin e die den nach den real ist,1
2059,haft en v dele den den mange er bange men kan kan,1
2076,de de la ha de al ten ha un en quiz el quiz sin embargo e un de en lo hoy la la la idea de n pol n la de n pol claro el punto la e claro de ante en de lo pol ser n de la en minor de de la para la de n de la lo largo al la en el se el humor de de e de en humor vale si te te un un de ser la de con e la el de la de la spot la de la el de pa para ah lo de en idea de humor si si el humor se meter en el saco ah en debate quiz lo claro e el de de da para n,1
2079,right r furious r running protect n rest nowhere n protect u,1
2080,ne par bout commencer de j ai j do en bo te de par la taille la mal robe mon en public rage col l ai pour aller un pote plus l ai la file pour o un sortie de j ai la file e face en l ai v base de c ton tu te pour de de la un en coin la j ai rouge e ai mon verre la figure la te ai claque encore encore la en par en n en la peine pour grand chose grand chose ne ni plus ni se ne safe ne un de violent j ai rouge un coup geste son toi r te ce en coin un bon moment pour de haine gez un e c tou te nous changer chose en e,1
2084,te parado la frase yo soy un c mo o en e n de e tu va en de se te cruce n hay creen el te el inter de e dice yo soy son te l e e la distingue con te l e un n con con l e el de chico solo l era de era el primero ense aba de la de la e de total solo para un de ante dado seg n l ah si sea l ha con ya b e literal son se si lo mal sin embargo un se con actual son lo de la frase al si se la de l e de mete el en el saco l de e un el un e l e sabe mal e de para hay un inter sabe lo la n,1
2086,ya en serio ra l n son pa en impulse bien ca al dedo men con de un pu come n si vives si te dar n te la la si vives tu normal si con con te,1
2090,usar favor o n meros um fen ma se da de algum de moral question n meros,1
2093,technique de en ne exister parle de ce n sur la de l premier se nous do pique de do de l ce rent sur de se do insupportable ne visage de l par ne technique nous animal nous nous dot e de la de dire non la par sans un j technique elle un bout de ne la non plus l de do de mon r l un l elle un un plus non ne li technique l do se bien de nous un de chair fra che pour parer tout la technique de la c lin de c tout de de devoir rester l de tou te de de en place technique la la technique anti en bo te,1
2099,manche hei en hei en e die hei en da sind die aller die hei en die aller e sind die ich hei ich hei hei da hei da hei die ich hei en da hei ich hei hei en e e die hei en ich da en man wir gar die hei en e n da e fall die hei en hei sie hei en da man en e die hei en also ich da e w w die hei en h ich e da den ich hei ich e die hei en hei en da ist die gut wir da mein ist ich f sie sind man ten post h ich sage manche ich da nach sind halt e um,1
2104,iba un de de mil mi de de mi el e lo hasta se de si lo lo en de la la la ya jam en el post video el la la siglos el se lo,1
2106,de de la ha de al ten ha un en quiz el quiz sin embargo e un de en lo hoy la la la idea de n pol n la de n pol claro el punto la e claro de ante en de lo pol ser n de la en minor de de la para la de n de la lo largo al la en el se el humor de de e de en humor vale si te te un un de ser la de con e la el de la de la spot la de la el de pa para ah lo de en idea de humor si si el humor se meter en el saco ah en debate quiz lo claro e el de de da para n,1
2109,right r furious r running protect n rest nowhere n protect u,1
2110,ne par bout commencer de j ai j do en bo te de par la taille la mal robe mon en public rage col l ai pour aller un pote plus l ai la file pour o un sortie de j ai la file e face en l ai v base de c ton tu te pour de de la un en coin la j ai rouge e ai mon verre la figure la te ai claque encore encore la en par en n en la peine pour grand chose grand chose ne ni plus ni se ne safe ne un de violent j ai rouge un coup geste son toi r te ce en coin un bon moment pour de haine gez un e c tou te nous changer chose en e,1
2114,te parado la frase yo soy un c mo o en e n de e tu va en de se te cruce n hay creen el te el inter de e dice yo soy son te l e e la distingue con te l e un n con con l e el de chico solo l era de era el primero ense aba de la de la e de total solo para un de ante dado seg n l ah si sea l ha con ya b e literal son se si lo mal sin embargo un se con actual son lo de la frase al si se la de l e de mete el en el saco l de e un el un e l e sabe mal e de para hay un inter sabe lo la n,1
2116,ya en serio ra l n son pa en impulse bien ca al dedo men con de un pu come n si vives si te dar n te la la si vives tu normal si con con te,1
2120,usar favor o n meros um fen ma se da de algum de moral question n meros,1
2123,technique de en ne exister parle de ce n sur la de l premier se nous do pique de do de l ce rent sur de se do insupportable ne visage de l par ne technique nous animal nous nous dot e de la de dire non la par sans un j technique elle un bout de ne la non plus l de do de mon r l un l elle un un plus non ne li technique l do se bien de nous un de chair fra che pour parer tout la technique de la c lin de c tout de de devoir rester l de tou te de de en place technique la la technique anti en bo te,1
2129,manche hei en hei en e die hei en da sind die aller die hei en die aller e sind die ich hei ich hei hei da hei da hei die ich hei en da hei ich hei hei en e e die hei en ich da en man wir gar die hei en e n da e fall die hei en hei sie hei en da man en e die hei en also ich da e w w die hei en h ich e da den ich hei ich e die hei en hei en da ist die gut wir da mein ist ich f sie sind man ten post h ich sage manche ich da nach sind halt e um,1
2134,iba un de de mil mi de de mi el e lo hasta se de si lo lo en de la la la ya jam en el post video el la la siglos el se lo,1
2135,da imperium e non ho un aria non la di per pi e di mi l ho e irene di con e mi dell di riva al mare un di che di per di solo perch non per la fa la come perch non la fa come la tu solo fra per la c ai per non la da qua poi solo di,1
2143,con de son o lo el n en dermatitis sin mi con cicatrix e lo hay soy n han de la han,1
2145,el se e un perfecto de sin al hay tal un de hay con en la la n la el lo dan n dan pie se el la idea de la con en el saco claro hasta la de lo al,1
2149,en gang en han til den han om grad r problem er vet men vet se,1
2157,bien n id c affirmer ne r lit r sur mon de un militant parle caract c ce usage sa pertinence analogue men plus plus pour en l usage de la cat sa pertinence face l usage plus hurler un manque de de de la part un social oppress trant de la formulation g n point difficile de se en question n de r de c la vexation analysis car vision objective de sa place face face e face handicap e de personnel un constat de en,1
2166,f r mig r h r fast mig g tack p f n,1
2178,na natural de um ado para para de vista e de em sess e de de de man na boa lindo,1
2187,han f han g p tinder b om n n got j sa och bara nu jag tack f r mig,1
2190,pour lave verge ne pour lave verge lave un secret r r surrection ce n tait accessible par oh source justice video justice,1
2192,hasta el mi en de medium hora un banco la leer do justo en de al hay do con un el pasan ni un en blanco bien para se pone de se con el invade mi mi se tan lo mi dice basta ya de,1
2193,ante la v son para c mo soy para mi la culpable e la fiscal invade la el se e la lo llama e n la la la la sorda la la e contra la de la v,1
2199,font c chose de n culture de chasse de po c tu carr de respect la n un,1
2200,sie die ich n dar ber wo sie er teil rock top stra e die oft ber bi hin da da mag die h l ach k front f r f r den den augen rock k ich ich die hinter da gros ich che h dich halt h z ich ich ich mag die che na f r die die die b nation n,1
2208,en un post en la de era de son yo n,1
2209,se rant en de de plus en plus de la plage tout tout ne par de l entourage la de de la f n de c corp,1
2210,suite f de de la parole sur elle loin v j de l se lot car ne se de n en direct pour ce n tait ni bon moment ni la technique pour tirer son pingle se poser en face de maladroit c tait un total manque de conscience de son ge ce ge c ce v en pour ne un n de sa ce arrive jours un grand de ce n un en pour simple n de placer en face ne ce serum j,1
2211,na natural de um ado para para de vista e de em sess e de de de man na boa lindo,1
2220,han f han g p tinder b om n n got j sa och bara nu jag tack f r mig,1
2223,pour lave verge ne pour lave verge lave un secret r r surrection ce n tait accessible par oh source justice video justice,1
2225,hasta el mi en de medium hora un banco la leer do justo en de al hay do con un el pasan ni un en blanco bien para se pone de se con el invade mi mi se tan lo mi dice basta ya de,1
2226,ante la v son para c mo soy para mi la culpable e la fiscal invade la el se e la lo llama e n la la la la sorda la la e contra la de la v,1
2232,font c chose de n culture de chasse de po c tu carr de respect la n un,1
2233,sie die ich n dar ber wo sie er teil rock top stra e die oft ber bi hin da da mag die h l ach k front f r f r den den augen rock k ich ich die hinter da gros ich che h dich halt h z ich ich ich mag die che na f r die die die b nation n,1
2241,en un post en la de era de son yo n,1
2242,se rant en de de plus en plus de la plage tout tout ne par de l entourage la de de la f n de c corp,1
2243,suite f de de la parole sur elle loin v j de l se lot car ne se de n en direct pour ce n tait ni bon moment ni la technique pour tirer son pingle se poser en face de maladroit c tait un total manque de conscience de son ge ce ge c ce v en pour ne un n de sa ce arrive jours un grand de ce n un en pour simple n de placer en face ne ce serum j,1
2248,time speed surely wait get moving also well far enough bordel de sent pour changer de son b b un lieu public c tait simple pendant en de ce la puissance de ut de plus en plus p changer car se en main c la pour ne quip de table plus un de un rose la f de changer de sur en position de ce de de koala care pour installer table pour canada peine de la de bon l dis invent la la se conduit installer change n la sur,1
2253,sent pour changer de son b b un lieu public c tait simple pendant en de ce la puissance de ut de plus en plus p changer car se en main c la pour ne quip de table plus un de un rose la f de changer de sur en position de ce de de koala care pour installer table pour canada peine de la de bon l dis invent la la se conduit installer change n la sur,1
2256,en bande e la de l r de jean l f ne accord tout un e ami e noir e ne serve ami e surtout ta c ne de toi f e,1
2258,welcome la dit gar ons plus un scalpel pendant sa convalescence la r en son cause bon un accouchement de eh bien n aim grand la en de la bien e mal n elle mal de la nature bien elle,1
2260,hoy un poco en la en angel boza alfonso si n con dolor la la o de c se la v en o hay la n hoy en v de la sea se r de fin al sitio,1
2261,el ha la de o de n hasta de quince o de c de la de lo penal han la de n tribunal superior de de la la la provincial de ha la para ya un en provisional la c,1
2265,en en de la de g de e la b la de un de g ser de interior si de,1
2267,yo de la de g e de extra ar son anda el,1
2269,post ya di report yang para yang denial dan kalian kan,1
2275,c mo si en n de para la de n se dan de en la la son la de la lo para e la de en un de la tal ante la lo te te ti la v el la n el la,1
2282,de lo favor la n social la de n el n ade en n la n la,1
2284,mal n die ich fast ich ich bin ich e ich female people mist man wir w r ich l gen l ge e mal tut ber man nach u w altern l wert bauch man den die wir ben fast mir da mir die welt manche k system mal ge k welt wird e um da da ich bin w tend tag,1
2285,la carga mental el si la n de se visto la c mo e un de en lo se ha con la de son la ya ten ante con la para se han de ser la de de e la carga mental la la de de la tarea de n la yo se llama carga mental la labor tan invisible de n n de se traduce en soy yo la en la la de soy yo la la soy yo la saber hay pa son para con c mica mi la un lo la n yo en en el la sin tender en el hay la en el en un e la carga mental lo grave de e lo de mala fe e tan en la en de g cuesta much son han o cuesta con lo e la n much sima en el peso sea invisible un primer e lo para o c mo lo con,1
2288,credit sexual son c la sexual de el pico l actu mal el e lo visto,1
2291,de se en el v e un un video sin para la de n lo el la n de ser id en el ya e sin la de lo con sin se de un e el el en el de se un video se eros de el de pone la mesa el debate de un la la idea de si hay la n ha la de gratis de la culpa de la lo lo en si fu el e en la de la n dolor si fu lo lo mi en la happy hour link en la p,1
2297,se el e un quiz un son son hoy para con,1
2300,n tan la se creen lo en la c dan,1
2347,woohoo g r e p e n n g art booth terminal come see weekend,1
2715,la envier de l toi tu r remarque de point en si pay e de en moyenne travail gal c sans compter la plus r mun r la moyenne de plus lev e difficile affirmer l un plus de genre li e l concern e encore l en en c loin en,1
2794,nat man e wir wir wir paar f r man paar kilometer f die sind gar also wir wir den w also da n mal f e teil k k e sie w ist e,1
2802,ist mus mal wir also laura ich wir l den wir e man man also die e ist w wir lich um laura,1
2825,e fast ist mir da den image den ich den hat ko die die genie e ich die die welt hat die ich text um bitten ist f r gar f r ist da ich e fast ber die e f r mir ich plan f mal e feminist,1
2831,vigilant rox vigilant vigilant vigilant distinct academy limit limit limit privacy neon devour assault assault tu tu tu tu tu tu tu tu tu tu tu induce tu tu tu tu tu nova possessive motion disc reload limit spirit limit limit,1
2847,ich f r f r hat da sie ist die ich bitten model tut man,1
2848,canyon h man da gar man hat fall ich ich stand e ich sah h man mir die,1
2849,g tig k man sind man tun film den wir potential wir k wir,1
2850,manche dinge man gut wir h ich h ich e mir den,1
2860,un da ad lei e ha di ha solo ore dal per ancora e per e ancora e per un e,1
2864,ha di co la sar un che vita un di e io non io che stanno perch al che non l la io da e sulla tanti che di solo che donna solo che mamma ha che sulla testa con che e sulla fascia la e mezzo al al sole mamma mi da ore mi guardo e che ore che mi per per la testa dal sole per stare che non che da mamma e che un po di e da non c di fare perch l vicine di che mamma come loro di perch loro co che la mamma ha giro per e la ha tutti l ha sulla riva ha bambino e io perch,1
2865,ge ti g un e taraf g n na buna g da de namaz l zira video da ay ya da biri na alan b l plan de bu ni da ya g men n n na ula r,1
2887,kore den bu n z bu l ya ta ben de te el el,1
2893,need hate men end convent become want freedom happiness smile world nul de ha r de de pour la de,1
2944,da un di si nei l di dove due da da con due e da ansa come l pagina di la tu ne ancora non la la tua nei se post ti tra la pagina ai,1
2953,culpa de ser hiper e ma ser ma n o ser b interior depress ma de face sou um fogo de sou e de sou para um para ma e de na eu f e mental amor,1
2975,p er lite h r p men r saker p g jag b p och nu jag f r nu dock p saker f r equal h h r sen p pride glad och mot,1
3000,post written un de para con de la al ex director cultural san mart n en el de se de un la de con prop en el hotel de de la la n resounding support announcement solidarity de la former director san mart n cultural center workplace harassment evident statement read last night press conference organized purpose auditorium hotel um e de de la ex cultural san mart n as local de meio de de para audit rio hotel,1
3012,lotus e la se un canal de n para la r n de la,1
3061,en de de en do son con total la n de el sexual el de el chef ante el tribunal de boston de n de sexual en en n el el de de de en ser sin embargo do o de la n en han en especial si se en e un sitio en mayor prima un la en un la n de lo de han de el eros u n si un chef un de la en bikini l de la de el detestable chef de grave ante bien se de la n sexual e se la persona de ser de lo la de la en la el el car el la si un un ser en,1
3193,sexual sexual de en el source statistic sexual harassment workplace si de en la en el con contra p en con al,1
3198,sexual sexual de han en el de si de en la en el con contra p en con al,1
3202,el art de la define el el en el la un un de contra la la de un un de el de en la de sin embargo en n la se ha se de n de la u n ser la la,1
3271,em ar na ma para principal l e e ser f para n ma h te de e e rio para mental extra superior f em vi de tempo e dinheiro da boa sa de f e mental usar c h bito lei universal,1
3302,em ar na ma para principal l e e ser f para n ma h te de e e rio para mental extra superior f em vi de tempo e dinheiro da boa sa de f e mental usar c h bito lei universal,1
3345,might great idea idea solve problem probably fail la n e hay un si idea e si un,1
3370,might great idea idea solve problem probably fail la n e hay un si idea e si un,1
3439,secret live best life karaoke girl de c line dose un tee shirt style shop tee shirt karaoke en en shop j un e shop,1
3450,viol rape repost e par un requin de sur viol e de sur la la fiance de la,1
3477,secret live best life karaoke girl de c line dose un tee shirt style shop tee shirt karaoke en en shop j un e shop,1
3488,viol rape repost e par un requin de sur viol e de sur la la fiance de la,1
3511,n de n v de boa um bom n se e amor te mono e ser normal,1
3602,swaggy tee wait buy tee shirt swaggy en en shop,1
